latitude,longitude
42.158189,-70.929239
42.20088,-70.94113
42.227869,-70.95488
42.232199,-70.997439
42.232436,-71.029679
42.23396555,-71.1328352378521
42.2367955,-71.13122361928359
42.23870785,-71.13776573126407
42.2393725,-71.1321896
42.241799,-71.006042
42.2425111,-71.1232737
42.24252,-71.00516
42.2429313,-71.12406536192915
42.24357195,-71.12408840404075
42.244273,-71.116528
42.244507,-71.12243
42.245056,-71.136287
42.24579,-71.00039
42.246008,-71.1397949752632
42.2460653,-71.12955711357216
42.24794,-70.99486
42.24814395,-71.11707180089338
42.251086,-71.129854
42.2515571,-71.13336286709949
42.2519853,-71.12475730346668
42.252252,-71.123042
42.252979,-71.130005
42.2551287,-71.1272606
42.25513925,-71.11982977478668
42.255925944779065,-71.12087322950899
42.2564818,-71.12422322812611
42.25660185,-71.12692633672484
42.25660185,-71.12692633672484
42.2567387,-71.1460306
42.256994950000006,-71.12209003035477
42.25729775,-71.12134943324855
42.25742842427461,-71.12694316630828
42.258171,-71.123611
42.25882,-71.117981
42.25900777083333,-71.15956195833333
42.260719964786674,-71.15962079426191
42.26114,-70.95286
42.2612274,-71.14888737629883
42.26232455,-71.11658125442291
42.26254727865436,-71.11583127252034
42.26266692310882,-71.10519929765964
42.2630655,-71.11787896758847
42.26336395,-71.15620887361885
42.26349348025969,-71.10615818914759
42.2635722,-71.1028451
42.2638252,-71.15399429203526
42.26401385,-71.15487820987934
42.26472677033028,-71.11470923589381
42.26519695,-71.11739507455079
42.26574362487857,-71.11827473934686
42.26641313866293,-71.11487866896321
42.26736705,-71.10446074712252
42.2676562,-71.1306627
42.267689950000005,-71.13506865186486
42.267689950000005,-71.13506865186486
42.268036,-71.149849
42.26808786160133,-71.09398397921218
42.268181,-71.092867
42.269653,-71.083682
42.2702708,-71.0874529
42.270692815609365,-71.06395475346433
42.271158,-71.073628
42.271709900000005,-71.09540780532785
42.27175939999999,-71.09168648848953
42.271768,-71.106563
42.2720176,-71.1625165
42.2722189,-71.0698702
42.27225,-70.95056
42.27225,-70.95056
42.2723907,-71.0681112
42.2723907,-71.0681112
42.2725694,-71.06652925024392
42.27270425,-71.0921415696675
42.273288,-71.093949
42.27332145,-71.08231496725854
42.273703,-71.070088
42.273703,-71.070088
42.2741515,-71.0674672
42.27454573111893,-71.08317427408795
42.274606,-71.064854
42.274649,-71.12728945634659
42.274884550353065,-71.1161604775405
42.27522125,-71.08240636507412
42.27568478148833,-71.09615308714179
42.275712350000006,-71.0673863792681
42.2757444,-71.10359742637245
42.2765183,-71.1672200466941
42.27666463434786,-71.09119269734728
42.276718,-71.138763
42.27676062505485,-71.16699564578623
42.27687912468721,-71.14373895005302
42.27687912468721,-71.14373895005302
42.277161,-71.069504
42.27721181818182,-71.07744690909091
42.2773225,-71.09226849999999
42.277345,-71.09300476983788
42.27748,-71.0816
42.27765973387607,-71.17238331135954
42.2776778,-71.13511027886919
42.2776778,-71.13511027886919
42.277789,-71.069546
42.27783515,-71.07742236745882
42.27786880835035,-71.07886035340199
42.278258,-71.072282
42.27826815,-71.07877576139614
42.27830445,-71.07837665294886
42.2784987,-71.15840699486014
42.27853399900612,-71.16726442125459
42.278566,-71.078891
42.2786,-71.132758
42.2788429,-71.18036758521572
42.27894,-71.054155
42.279004400000005,-71.11748419090006
42.279171,-71.05256
42.27926,-71.1495
42.27926,-71.1495
42.2793977,-71.0808302
42.279592,-71.078204
42.279592,-71.078204
42.279592,-71.078204
42.280024,-71.144202
42.280041,-71.05894
42.280041,-71.05894
42.280041,-71.05894
42.28018315398022,-71.05312218559337
42.2802907,-71.15688455159744
42.280452,-71.120697
42.280678373921454,-71.08097136358045
42.2806879,-71.17869467062377
42.280758,-71.05489
42.280817,-71.054987
42.28113829962098,-71.05147331733197
42.28118965,-71.14102152363313
42.28124795,-71.08131973401642
42.281281,-71.070961
42.281281,-71.070961
42.28128266666666,-71.12144583333333
42.281288,-71.082025
42.281412,-71.06930193152814
42.28166707899006,-71.0801708915281
42.281805,-71.076027
42.281846,-71.055368
42.28211045,-71.12329783128857
42.2822443,-71.17461635661232
42.2822741,-71.08690231990707
42.282304,-71.086204
42.28232935,-71.09517490375323
42.282739,-71.062818
42.28285865,-71.15840515744885
42.2829112,-71.0649508
42.282962,-71.077232
42.283092,-71.119026
42.283159,-71.076257
42.283215,-71.049652
42.28326405,-71.1255931794108
42.283328,-71.1569951
42.28339135,-71.12445756851248
42.28352135,-71.15738208146942
42.283605,-71.055664
42.2836531,-71.10235118741701
42.2836531,-71.10235118741701
42.28402215,-71.15649915398664
42.28404535,-71.12497992769971
42.284154,-71.061007
42.284168,-71.052854
42.284588,-71.079741
42.284588,-71.079741
42.284588,-71.079741
42.284608625,-71.09112681250001
42.284669,-71.051497
42.284686,-71.080775
42.284686,-71.080775
42.284808,-71.059732
42.284808,-71.059732
42.284887,-71.086344
42.285141,-71.125969
42.285233950000006,-71.07592660206873
42.285233950000006,-71.07592660206873
42.28527,-71.0711345
42.285323,-71.090988
42.285431,-71.11768333604
42.285475,-71.086345
42.285483,-71.0804
42.285508,-71.047758
42.285511,-71.119548
42.285515,-71.126656
42.285515,-71.126656
42.28564515,-71.1286097230663
42.28564515,-71.1286097230663
42.285872,-71.080027
42.2859118,-71.1100129
42.286058,-71.084642
42.286061,-71.051382
42.286063,-71.075856
42.286118,-71.054645
42.286146,-71.127489
42.286146,-71.127489
42.2861906,-71.1086643
42.28624985,-71.0713829
42.28630805,-71.10783870273136
42.286322,-71.074885
42.286331,-71.079573
42.286361,-71.07144220437121
42.28642685866455,-71.0722307877757
42.286456,-71.062024
42.286456,-71.062024
42.28645695,-71.12688714732712
42.28650110498145,-71.07407427276942
42.286505,-71.06384877759498
42.28653232926744,-71.07259239236784
42.2865375,-71.05311173870184
42.286587,-71.044461
42.286708,-71.087656
42.286708,-71.087656
42.286781,-71.130949
42.286781,-71.130949
42.286822,-71.097467
42.286822,-71.097467
42.28710704136641,-71.14906377693296
42.287234,-71.090548
42.287261,-71.071214
42.287361,-71.041079
42.2873712,-71.1524556
42.287402,-71.095742
42.287402,-71.095742
42.287492,-71.063796
42.287537,-71.128232
42.287713,-71.078198
42.287713,-71.078198
42.2877145,-71.07084804533274
42.287742,-71.086356
42.28789,-71.048146
42.287892,-71.08079
42.288081,-71.041151
42.288081,-71.041151
42.288081,-71.041151
42.288081,-71.041151
42.288137,-71.079186
42.28817619302374,-71.12488032544418
42.288312,-71.047019
42.28839765,-71.12215784022194
42.28853,-71.090109
42.288544,-71.14466815
42.28858945,-71.04782654147598
42.288734,-71.041432
42.2887584,-71.14571827048105
42.288792,-71.083269
42.288792,-71.083269
42.288792,-71.083269
42.288792,-71.083269
42.288792,-71.083269
42.288792,-71.083269
42.288792,-71.083269
42.288857,-71.074738
42.289069,-71.06701
42.289069,-71.06701
42.28926359443299,-71.0866367785148
42.2892905,-71.0632425
42.289426,-71.08697
42.28976,-71.076876
42.28976,-71.076876
42.289971,-71.045651
42.290078,-71.059331
42.290268,-71.070757
42.29029,-71.089345
42.290314,-71.050207
42.290314,-71.050207
42.290314,-71.050207
42.290314,-71.050207
42.29042,-71.048711
42.29042,-71.048711
42.29042,-71.048711
42.29042,-71.048711
42.29042,-71.048711
42.2904674,-71.1502447
42.29059005,-71.06741155
42.290739,-71.056624
42.29078032283277,-71.08395735536605
42.2908752,-71.08969352158226
42.2910464,-71.0626543
42.291058,-71.081446
42.29112,-71.062804
42.291185,-71.089049
42.291249,-71.047176
42.291354,-71.103752
42.291489,-71.057297
42.291580550000006,-71.07564382531979
42.291580550000006,-71.07564382531979
42.291697,-71.066699
42.291725,-71.049762
42.291739,-71.077181
42.2917549659339,-71.05719885148123
42.291765,-71.071717
42.291765,-71.071717
42.291765,-71.071717
42.29188945,-71.06651098940532
42.29190145,-71.08043208216999
42.292006,-71.071747
42.292021,-71.078147
42.292021,-71.078147
42.292021,-71.078147
42.29228,-71.069294
42.292352,-71.066918
42.292352,-71.066918
42.292352,-71.066918
42.292352,-71.066918
42.292352,-71.066918
42.292352,-71.066918
42.292352,-71.066918
42.29237445,-71.12018009459914
42.292438,-71.079534
42.2924882,-71.0791055819209
42.2925277,-71.1014769803718
42.292592,-71.054084
42.292592,-71.054084
42.292592,-71.054084
42.29278032155258,-71.0947832049632
42.292867,-71.089778
42.292867,-71.089778
42.292867,-71.089778
42.2930366,-71.15350664560127
42.29309215,-71.15088336240825
42.293095,-71.049713
42.293195,-71.063784
42.293268,-71.049004
42.293268,-71.049004
42.293268,-71.049004
42.293268,-71.049004
42.2934084,-71.0622621
42.29349,-71.071224
42.29349,-71.071224
42.2938463,-71.06225464489052
42.293932,-71.071913
42.2940245,-71.12072825
42.294075,-71.061968
42.2941694,-71.04910428060109
42.29417425,-71.07028363226054
42.294227,-71.08885
42.294229,-71.152313
42.294309,-71.078769
42.294309,-71.078769
42.294309,-71.078769
42.294309,-71.078769
42.294309,-71.078769
42.294309,-71.078769
42.294309,-71.078769
42.294309,-71.078769
42.294309,-71.078769
42.294309,-71.078769
42.294309,-71.078769
42.294309,-71.078769
42.294309,-71.078769
42.294309,-71.078769
42.294309,-71.078769
42.294387,-71.090708
42.294401,-71.059172
42.294571,-71.115368
42.29467,-71.063282
42.29475,-71.076449
42.294911,-71.087839
42.294911,-71.087839
42.294945,-71.0572
42.294945,-71.0572
42.294945,-71.0572
42.294945,-71.0572
42.294945,-71.0572
42.295027,-71.069205
42.295086,-71.080497
42.295086,-71.080497
42.295121,-71.056487
42.295296,-71.090971
42.295443,-71.056716
42.295545,-71.056221
42.295545,-71.056221
42.295545,-71.056221
42.2957148,-71.1342365
42.295753,-71.080773
42.295753,-71.080773
42.295762,-71.056265
42.295762,-71.056265
42.295808,-71.062471
42.295837,-71.055385
42.29589489022175,-71.05443272538143
42.29594,-71.099164
42.296226,-71.067155
42.296226,-71.067155
42.296226,-71.067155
42.29623,-71.116226
42.296244,-71.148196
42.296369,-71.056457
42.296388,-71.08046
42.296388,-71.08046
42.2965857,-71.06097515
42.296597,-71.074615
42.296597,-71.074615
42.296675,-71.072268
42.296675,-71.072268
42.296794,-71.078448
42.296794,-71.078448
42.29684825,-71.07579804608585
42.29691395,-71.08014759328455
42.296949,-71.077739
42.297259,-71.09048
42.297259,-71.09048
42.297259,-71.09048
42.297259,-71.09048
42.297259,-71.09048
42.297259,-71.09048
42.297259,-71.09048
42.297332,-71.056431
42.29755295,-71.06125235295619
42.297987,-71.062852
42.297987,-71.062852
42.2980276,-71.0590886
42.29808490397361,-71.0580007254411
42.298142,-71.086992
42.298142,-71.086992
42.298142,-71.086992
42.298193,-71.060766
42.298404,-71.079709
42.298648,-71.06425
42.298694,-71.086641
42.29873,-71.072088
42.298739,-71.050837
42.29892085,-71.06017461273095
42.29907,-71.074623
42.29907,-71.074623
42.29907,-71.074623
42.29907,-71.074623
42.29907,-71.074623
42.29907,-71.074623
42.29913506091215,-71.07608726580466
42.299219,-71.075132
42.299219,-71.075132
42.299219,-71.075132
42.299219,-71.075132
42.299332,-71.059742
42.2993443,-71.06931445000001
42.299371,-71.07364
42.299436,-71.075259
42.299619,-71.054688
42.299641050000005,-71.06479443472223
42.29967,-71.065107
42.29967,-71.065107
42.29967,-71.065107
42.299686,-71.054152
42.299686,-71.054152
42.299686,-71.054152
42.299698,-71.072648
42.299698,-71.072648
42.299698,-71.072648
42.299755,-71.060306
42.299755,-71.060306
42.299755,-71.060306
42.299755,-71.060305
42.29975915,-71.0703224408806
42.299893,-71.077816
42.300223,-71.07525753298256
42.300405,-71.069738
42.300619,-71.059226
42.300692,-71.06857
42.300759,-71.060015
42.300882900000005,-71.06117853468126
42.300926,-71.051681
42.300926,-71.051681
42.301185,-71.055011
42.301185,-71.055011
42.301185,-71.055011
42.301185,-71.055011
42.3012803,-71.08543628474723
42.3012803,-71.08543628474723
42.301347,-71.082906
42.301458,-71.06269
42.301527,-71.058526
42.301547,-71.06236
42.301581,-71.070169
42.30164955344045,-71.06484492622656
42.301694,-71.08512
42.301946,-71.058801
42.301987,-71.074075
42.302033,-71.010579
42.302199,-71.0112651
42.302199,-71.0112651
42.302214,-71.060296
42.302308,-71.062293
42.302316,-71.080786
42.302407,-71.01243
42.302407,-71.01243
42.302407,-71.01243
42.302407,-71.01243
42.302407,-71.01243
42.302407,-71.01243
42.302407,-71.01243
42.302449,-71.084739
42.30249414838088,-71.06019518747335
42.3025914,-71.1355727
42.302617,-71.063834
42.30265761960884,-71.05219864307135
42.30267,-71.076636
42.30267,-71.076636
42.302788,-71.058459
42.302823,-71.086402
42.302823,-71.086402
42.3029296,-71.08439677110036
42.30293097257443,-71.01466115799015
42.303028931233634,-71.06814924540797
42.303086,-71.075122
42.30328,-71.078537
42.303404,-71.08415
42.303518,-71.084054
42.303518,-71.084054
42.30356,-71.083581
42.30356,-71.083581
42.30356,-71.083581
42.303843,-71.054282
42.303843,-71.054282
42.303982,-71.072023
42.304016,-71.064578
42.3040754489796,-71.07345973469387
42.304275,-71.066754
42.3043027,-71.0592662
42.304541363963295,-71.10938477216727
42.304655,-71.078056
42.3048306,-71.06445280549451
42.304868,-71.056769
42.304888,-71.068798
42.30490105,-71.07584822466006
42.3049987,-71.0736106
42.30505242857143,-71.10579057142857
42.305164,-71.062303
42.305397,-71.06915
42.30544,-71.080563
42.30544,-71.080563
42.30544,-71.080563
42.30544,-71.080563
42.30544,-71.080563
42.30544,-71.080563
42.30544,-71.080563
42.305476,-71.077379
42.305476,-71.077379
42.305476,-71.077379
42.305476,-71.077379
42.305476,-71.077379
42.305476,-71.077379
42.305513,-71.057414
42.305513,-71.057414
42.305513,-71.057414
42.305513,-71.057414
42.305568,-71.05756
42.305649,-71.084755
42.30586285,-71.05857742726198
42.305962,-71.116887
42.306004,-71.131106
42.30607,-71.072518
42.306083,-71.11932
42.306083,-71.11932
42.306163100000006,-71.0735651796376
42.306172,-71.313043
42.306245,-71.067008
42.3063673,-71.1092262
42.3063944,-71.1150253
42.306626,-71.061021
42.306796,-71.084403
42.30681165,-71.08700613433149
42.3068887,-71.0838406
42.306937,-71.070576
42.307168,-71.082338
42.3072393,-71.11428122618264
42.307314,-71.065835
42.307353,-71.083886
42.307414,-71.068618
42.307472,-71.058221
42.30750705,-71.08214906008648
42.307579,-71.058419
42.307579,-71.058419
42.307604,-71.059234
42.3076453587374,-71.07560197064122
42.307737,-71.083919
42.3077417,-71.0616123
42.3077791503417,-71.07544735132015
42.307799,-71.1154235
42.30805667839852,-71.06227136679395
42.308116,-71.064583
42.308116,-71.064583
42.308198,-71.082095
42.30849,-71.082099
42.30849963801185,-71.10036322727552
42.3088363,-71.11494508723246
42.308873,-71.11954
42.30891325,-71.10348401327269
42.308937,-71.064049
42.30897202310282,-71.05124305868469
42.309047,-71.050248
42.309047,-71.050248
42.309047,-71.050248
42.309146,-71.051915
42.3091578,-71.0610340751341
42.30916895,-71.05588464539687
42.309194,-71.064864
42.309208,-71.069823
42.309371,-71.068486
42.309393,-71.072638
42.309393,-71.072638
42.309393,-71.072638
42.309393,-71.072638
42.3095,-71.083424
42.309583,-71.104553
42.309605,-71.087425
42.309605,-71.087425
42.30962,-71.082451
42.30983967857143,-71.084251
42.309841,-71.053157
42.309979,-71.086351
42.309979,-71.086351
42.309979,-71.086351
42.309979,-71.086351
42.310023,-71.051379
42.310205,-71.060746
42.310255,-71.082011
42.310255,-71.082011
42.310255,-71.082011
42.310292,-71.072852
42.31033,-71.076891
42.310454,-71.050359
42.310455,-71.078978
42.310455,-71.078978
42.3105415,-71.1144181
42.310544,-71.091563
42.310562,-71.085888
42.310562,-71.085888
42.310604,-71.08325
42.310707,-71.078193
42.31074745,-71.06151681861061
42.31077,-71.11455
42.310952,-71.075109
42.311035,-71.070796
42.311035,-71.070796
42.311035,-71.070796
42.311039,-71.059379
42.3111215,-71.06174165659087
42.311145,-71.121243
42.311149,-71.074051
42.311149,-71.074051
42.311149,-71.074051
42.311149,-71.074051
42.3111517,-71.07143274654089
42.3111517,-71.07143274654089
42.311153,-71.091096
42.31118,-71.070076
42.311225,-71.062646
42.31122540448055,-71.09772116231868
42.3112476,-71.0610551
42.311274,-71.060296
42.311274,-71.060296
42.311349,-71.087156
42.311349,-71.087156
42.311349,-71.087156
42.311349,-71.087156
42.311349,-71.087156
42.311349,-71.087156
42.31159880630503,-71.0764033022641
42.311689,-71.085861
42.311689,-71.085861
42.311689,-71.085861
42.311689,-71.085861
42.311689,-71.085861
42.311755,-71.071297
42.31185,-71.107473
42.311993,-71.054414
42.311993,-71.054414
42.312113,-71.073035
42.3121196900073,-70.97162965327203
42.312137,-71.047122
42.312137,-71.047122
42.312160285714285,-71.05451914285715
42.312169,-71.066139
42.312174,-71.082972
42.312183,-71.093482
42.312512,-71.060229
42.312512,-71.060229
42.312512,-71.060229
42.312568,-71.068342
42.312569,-71.055387
42.312670350000005,-71.06888729807801
42.31272,-71.122098
42.31272,-71.122098
42.312726,-71.068499
42.312795,-71.076627
42.31296,-71.057206
42.313331,-71.062372
42.313373,-71.070517
42.313573,-71.09479
42.313573,-71.09479
42.313573,-71.09479
42.313573,-71.09479
42.313573,-71.09479
42.313573,-71.09479
42.313573,-71.09479
42.313573,-71.09479
42.313595,-71.098648
42.31361545,-71.05991373111263
42.3136664,-71.07643405612666
42.313712,-71.094075
42.313712,-71.094075
42.313761,-71.097014
42.313761,-71.097014
42.313761,-71.097014
42.313801,-71.085589
42.313801,-71.085589
42.3139403,-71.09787898462525
42.31402,-71.065465
42.3141061,-71.0957166376923
42.3141061,-71.0957166376923
42.3141479,-71.0992242
42.31417,-71.076391
42.314513,-71.069274
42.314524,-71.063381
42.314713,-71.101817
42.31478,-71.062325
42.31481395,-71.06762846628742
42.314938,-71.079495
42.314938,-71.079495
42.315134,-71.053082
42.315154,-71.05528
42.31516587142407,-71.08548232022808
42.315231,-71.078482
42.315231,-71.078482
42.3152461,-71.0789944
42.315282,-71.077206
42.315349,-71.083304
42.3156495,-71.08803560075552
42.315684,-71.09442
42.315808,-71.0665935
42.315867,-71.094803
42.315867,-71.094803
42.315867,-71.094803
42.3159038,-71.07601125
42.31612785,-71.08437137298296
42.3161711508009,-71.09535519396842
42.316224,-71.07815
42.316224,-71.07815
42.316224,-71.07815
42.316224,-71.07815
42.316224,-71.07815
42.316224,-71.07815
42.316224,-71.07815
42.316224,-71.07815
42.316224,-71.07815
42.316224,-71.07815
42.316224,-71.07815
42.316224,-71.07815
42.316224,-71.07815
42.316224,-71.07815
42.316224,-71.07815
42.316224,-71.07815
42.316224,-71.07815
42.316224,-71.07815
42.316224,-71.07815
42.316224,-71.07815
42.316224,-71.07815
42.316224,-71.07815
42.316224,-71.07815
42.316224,-71.07815
42.316224,-71.07815
42.316224,-71.07815
42.316224,-71.07815
42.316224,-71.07815
42.316224,-71.07815
42.316224,-71.07815
42.316224,-71.07815
42.316224,-71.07815
42.316224,-71.07815
42.316224,-71.07815
42.316224,-71.07815
42.316224,-71.07815
42.316224,-71.07815
42.316224,-71.07815
42.316224,-71.07815
42.316224,-71.07815
42.316224,-71.07815
42.316224,-71.07815
42.316224,-71.07815
42.316224,-71.07815
42.316224,-71.07815
42.316224,-71.07815
42.316224,-71.07815
42.316328,-71.091768
42.316358,-71.076847
42.316402,-71.093122
42.316437,-71.074645
42.316481,-71.100942
42.31655125,-71.10156334344049
42.316915,-71.092292
42.316973,-71.053356
42.3170241,-71.0434486610456
42.317221,-71.054867
42.317221,-71.054867
42.31741665,-71.09179895396954
42.31744348045915,-71.07546341083672
42.317537,-71.08636
42.317537,-71.08636
42.317537,-71.08636
42.317537,-71.08636
42.317537,-71.08636
42.317537,-71.08636
42.317544,-71.066216
42.317748,-71.084847
42.317782,-71.069518
42.317819,-71.073576
42.317983,-71.067239
42.317983,-71.067239
42.317983,-71.067239
42.318041,-71.063977
42.31813375,-71.07563631337183
42.318206,-71.064667
42.318237,-71.086224
42.318237,-71.086224
42.31825,-71.10125
42.31831635,-71.06322785978261
42.318362,-71.063581
42.31836615,-71.09776493784113
42.318405,-71.098377
42.318407,-71.07664
42.318562,-71.044266
42.3186,-71.058833
42.318618,-71.063572
42.318618,-71.063572
42.31864525,-71.11438401918394
42.31868657249112,-71.0809514669597
42.318717,-71.040539
42.318789,-71.112239
42.318833,-71.055953
42.31885499524055,-71.0764194445032
42.318856,-71.066901
42.318869,-71.059596
42.318872,-71.10094
42.318947,-71.069698
42.318947,-71.069698
42.319026,-71.073309
42.319026,-71.073309
42.319058,-71.07775
42.319058,-71.07775
42.319137,-71.061304
42.319137,-71.061304
42.31932,-71.046288
42.319542,-71.044696
42.319676,-71.066127
42.319801,-71.081385
42.319858,-71.11674492053884
42.32002115576167,-71.08587454807649
42.32007,-71.09404
42.32007,-71.09404
42.32007,-71.09404
42.32009,-71.099342
42.3201221,-71.0598583
42.32016,-71.071276
42.32019,-71.087487
42.320298,-71.099929
42.320298,-71.099929
42.3203346,-71.0713824
42.32039435,-71.0603576100876
42.320434,-71.069459
42.320441,-71.099308
42.3204862,-71.05959057143815
42.32065155,-71.11108582135522
42.320697,-71.09711916666667
42.320698,-71.083655
42.3208,-71.084329
42.320861,-71.084554
42.320868,-71.054113
42.32089155,-71.08687283010791
42.320909,-71.082639
42.320930950000005,-71.05738393229382
42.320964,-71.058201
42.321071,-71.090691
42.321071,-71.090691
42.321071,-71.090691
42.321071,-71.090691
42.321185,-71.067908
42.32143,-71.072281
42.321463,-71.069199
42.321463,-71.069198
42.321463,-71.069198
42.321549,-71.093519
42.321642,-71.099162
42.321658,-71.104667
42.3216913,-71.10581430119021
42.321849,-71.082893
42.321867,-71.080379
42.321867,-71.080379
42.3219759,-71.10459471968448
42.322,-71.061169
42.32226542107028,-71.10652287309111
42.322424,-71.061011
42.322472,-71.09531
42.32248,-71.084854
42.32248,-71.084854
42.322586,-71.066904
42.322586,-71.066904
42.322672,-71.082244
42.32277,-71.086058
42.322806,-71.057729
42.322806,-71.057729
42.322889,-71.076664
42.322889,-71.076664
42.322889,-71.076664
42.322889,-71.076664
42.322889,-71.076664
42.322889,-71.076664
42.322889,-71.076664
42.322889,-71.076664
42.322889,-71.076664
42.322889,-71.076664
42.322889,-71.076664
42.322889,-71.076664
42.322889,-71.076664
42.32303125,-71.05790901126213
42.3230729,-71.0731642
42.32309329994551,-71.09257477967635
42.323133,-71.094787
42.323133,-71.073323
42.32321365,-71.0581887477365
42.323291350000005,-71.09707098729041
42.3233218,-71.0639948
42.323326317754166,-71.07307245128538
42.323392,-71.055883
42.323465,-71.067668
42.3234809098966,-71.09588674095272
42.323481,-71.086126
42.323525,-71.07086
42.3237093,-71.1123079
42.323758,-71.073922
42.323975,-71.083345
42.323975,-71.083345
42.323975,-71.083345
42.323975,-71.083345
42.323975,-71.083345
42.323978,-71.071159
42.3241,-71.084825
42.324194,-71.05236
42.3245069076414,-71.09481661378577
42.324681,-71.05185814505452
42.324726,-71.056786
42.324762,-71.059395
42.324765,-71.064157
42.32485,-71.065139
42.32485,-71.065139
42.32485,-71.065139
42.32485,-71.065139
42.32485,-71.065139
42.32485,-71.065139
42.32485,-71.065139
42.32485,-71.065139
42.32485,-71.065139
42.32485,-71.065139
42.32485,-71.065139
42.32485,-71.065139
42.32485,-71.065139
42.32485,-71.065139
42.32485,-71.065139
42.32485,-71.065139
42.32485,-71.065139
42.32485,-71.065139
42.32485,-71.065139
42.32485,-71.065139
42.32485,-71.065139
42.32485,-71.065139
42.32485,-71.065139
42.32485,-71.065139
42.32485,-71.065139
42.32485,-71.065139
42.32485,-71.065139
42.32485,-71.065139
42.32485,-71.065139
42.32485,-71.065139
42.32485,-71.065139
42.32485,-71.065139
42.32485,-71.065139
42.324895,-71.085372
42.324923,-71.057257
42.324973,-71.090842
42.3250302,-71.09144909645454
42.3251,-71.09533
42.3251,-71.09533
42.3251,-71.09533
42.3251,-71.09533
42.3251,-71.09533
42.3251,-71.09533
42.3251,-71.09533
42.3251,-71.09533
42.3251,-71.09533
42.3251,-71.09533
42.3251,-71.09533
42.3251,-71.09533
42.3251,-71.09533
42.3251,-71.09533
42.3251,-71.09533
42.3251,-71.09533
42.3251,-71.09533
42.325207,-71.074902
42.32521,-71.075481
42.325249,-71.079242
42.3253,-71.075076
42.325396,-71.07517
42.325438,-71.07387
42.325438,-71.07387
42.32547311310148,-71.07954905215718
42.32548,-71.080981
42.32548,-71.080981
42.32548,-71.080981
42.32548,-71.080981
42.32559425,-71.09101457721474
42.325742,-71.09461
42.3257425,-71.1064832
42.3257826,-71.07085320312106
42.32588,-71.09657
42.32588,-71.09657
42.32588,-71.09657
42.32588,-71.09657
42.32588,-71.09657
42.32588,-71.09657
42.325922,-71.096139
42.325922,-71.096139
42.325922,-71.096139
42.325922,-71.096139
42.325922,-71.096139
42.325922,-71.096139
42.325922,-71.096139
42.325922,-71.096139
42.325922,-71.096139
42.325922,-71.096139
42.325922,-71.096139
42.325922,-71.096139
42.325922,-71.096139
42.325922,-71.096139
42.325922,-71.096139
42.325922,-71.096139
42.325922,-71.096139
42.325922,-71.096139
42.325922,-71.096139
42.325922,-71.096139
42.325922,-71.096139
42.325922,-71.096139
42.325922,-71.096139
42.325922,-71.096139
42.325922,-71.096139
42.325922,-71.096139
42.325922,-71.096139
42.325922,-71.096139
42.325922,-71.096139
42.325922,-71.096139
42.325922,-71.096139
42.325922,-71.083683
42.325959,-71.083308
42.325959,-71.083308
42.32599,-71.080317
42.326037,-71.076681
42.32611855,-71.07135044426468
42.3262748,-71.09172550657418
42.3263221,-71.10035640017162
42.326626,-71.08536
42.326687,-71.071479
42.3267898,-71.0767114
42.326822,-71.086038
42.326912846153846,-71.07652238461539
42.32701890098189,-71.09031916647075
42.327103,-71.078192
42.327103,-71.078192
42.327132250000005,-71.0697161018486
42.32714365534792,-71.0806705023237
42.32716165,-71.10754746700002
42.327252,-71.069962
42.327269,-71.083275
42.327269,-71.083275
42.327269,-71.083275
42.327274,-71.087151
42.32728625,-71.08171251077545
42.327314,-71.085113
42.327535,-71.067563
42.327535,-71.067563
42.327535,-71.067563
42.327624,-71.072839
42.32770130985916,-71.06851404225353
42.327872,-71.079388
42.327872,-71.079388
42.327872,-71.079388
42.327877,-71.10401
42.3278881,-71.0671549
42.3278881,-71.0671549
42.327891,-71.086939
42.32793287325,-71.10576058143077
42.3280581,-71.08360271285679
42.328139,-71.057845
42.328174,-71.089723
42.328174,-71.089723
42.328174,-71.089723
42.328174,-71.089723
42.328174,-71.089723
42.328266,-71.092276
42.32835,-71.075625
42.3284113,-71.0856977
42.328497,-71.080891
42.328497,-71.080891
42.328551,-71.056928
42.3286581032273,-71.10133308215781
42.328748,-71.089227
42.32880457757798,-71.08406410950752
42.3288606,-71.08234805000001
42.328996,-71.091618
42.329074,-71.074989
42.329133,-71.098941
42.329133,-71.098941
42.32913795568235,-71.08554570590914
42.329176,-71.081409
42.3292211,-71.03676743614173
42.329224,-71.075614
42.329224,-71.075614
42.329224,-71.075614
42.329224,-71.075614
42.329224,-71.075614
42.32929,-71.077394
42.329439,-71.088995
42.329542,-71.056989
42.329542,-71.056989
42.329595,-71.084625
42.329605,-71.090221
42.329605,-71.090221
42.329623,-71.052116
42.329623,-71.052116
42.329651,-71.086379
42.329651,-71.086379
42.329712,-71.051525
42.329712,-71.051525
42.329712,-71.051525
42.329712,-71.051525
42.329712,-71.051525
42.329712,-71.051525
42.329712,-71.051525
42.329712,-71.051525
42.329712,-71.051525
42.329712,-71.051525
42.329712,-71.051525
42.329712,-71.051525
42.329712,-71.051525
42.329712,-71.051525
42.329833,-71.079175
42.329833,-71.079175
42.329833,-71.079175
42.329833,-71.079175
42.3298334,-71.0674404
42.32986195,-71.09317475091036
42.330134,-71.078674
42.330134,-71.078674
42.330134,-71.078674
42.3302045,-71.08363649671944
42.330248,-71.039784
42.330261,-71.094979
42.330261,-71.094979
42.330261,-71.094979
42.330261,-71.094979
42.330261,-71.094979
42.330261,-71.094979
42.330261,-71.094979
42.330261,-71.094979
42.330261,-71.094979
42.330261,-71.094979
42.330261,-71.094979
42.330261,-71.094979
42.330261,-71.094979
42.330261,-71.094979
42.330261,-71.094979
42.330261,-71.094979
42.330261,-71.094979
42.330261,-71.094979
42.330261,-71.094979
42.330261,-71.094979
42.330261,-71.094979
42.330261,-71.094979
42.330261,-71.094979
42.330261,-71.094979
42.330261,-71.094979
42.330261,-71.094979
42.330261,-71.094979
42.330261,-71.094979
42.330261,-71.094979
42.330261,-71.094979
42.330261,-71.094979
42.330261,-71.094979
42.330261,-71.094979
42.330261,-71.094979
42.330261,-71.094979
42.330261,-71.094979
42.330261,-71.094979
42.330261,-71.094979
42.330261,-71.094979
42.330261,-71.094979
42.330261,-71.094979
42.330261,-71.094979
42.330261,-71.094979
42.330261,-71.094979
42.330261,-71.094979
42.330261,-71.094979
42.330261,-71.094979
42.330261,-71.094979
42.330261,-71.094979
42.330261,-71.094979
42.330261,-71.094979
42.330261,-71.094979
42.330261,-71.094979
42.330261,-71.094979
42.330261,-71.094979
42.330261,-71.094979
42.330261,-71.094979
42.330261,-71.094979
42.330261,-71.094979
42.330261,-71.094979
42.330261,-71.094979
42.330261,-71.094979
42.330261,-71.094979
42.330261,-71.094979
42.330261,-71.094979
42.330304,-71.094561
42.330304,-71.094561
42.330377,-71.056958
42.330377,-71.056958
42.3303887,-71.0721525
42.3304128490566,-71.04332590566038
42.3304576,-71.07755423583927
42.330494,-71.108115
42.330494,-71.108115
42.330494,-71.108115
42.33057025,-71.09135774138889
42.33061,-71.088188
42.33061,-71.088188
42.3306191,-71.09906629250396
42.330634,-71.052802
42.330634,-71.052802
42.330634,-71.052802
42.330656,-71.085348
42.330656,-71.083064
42.33066100081416,-71.08306117844339
42.330689,-71.097681
42.330689,-71.097681
42.330695,-71.032386
42.330695,-71.032386
42.330715,-71.108901
42.330791,-71.063553
42.330853,-71.074818
42.330853,-71.074818
42.330853,-71.074818
42.330925,-71.069246
42.330962,-71.101739
42.331078,-71.102749
42.3311638,-71.08315392752633
42.331259,-71.071086
42.33127689615634,-71.09073804843399
42.331365,-71.083124
42.331376,-71.07422
42.331492,-71.09977
42.331641,-71.096141
42.331641,-71.096141
42.331641,-71.096141
42.331641,-71.096141
42.331641,-71.096141
42.331641,-71.096141
42.331641,-71.096141
42.331679,-71.079945
42.331679,-71.079945
42.331679,-71.079945
42.331679,-71.079945
42.331679,-71.079945
42.3319,-71.069088
42.3319,-71.069088
42.331942,-71.081738
42.331942,-71.081738
42.331942,-71.081738
42.331942,-71.081738
42.331942,-71.081738
42.331942,-71.081738
42.332023,-71.098017
42.332023,-71.098017
42.332058,-71.084066
42.332058,-71.084066
42.332058,-71.084066
42.332058,-71.084066
42.332058,-71.084066
42.332058,-71.084066
42.332058,-71.084066
42.3321144,-71.03020238098637
42.33218463234653,-71.06901624451186
42.33218463234653,-71.06901624451186
42.33242615,-71.06914652341808
42.33242615,-71.06914652341808
42.33242615,-71.06914652341808
42.332432994436026,-71.15501516571777
42.332458,-71.100159
42.33247285,-71.09907597221851
42.332751,-71.096423
42.3328115195153,-71.0924430878326
42.33289655,-71.04482751902502
42.33289655,-71.04482751902502
42.332907,-71.083332
42.332955,-71.092407
42.3330237,-71.0984046649456
42.333175,-71.085887
42.3332,-71.101978
42.333211095800976,-71.16970926096415
42.333355,-71.0442
42.33343,-71.04949
42.33347275622931,-71.07372583893662
42.333535,-71.044957
42.333594,-71.09325
42.333594,-71.09325
42.333666,-71.103296
42.33368,-71.06941
42.3337277,-71.05094159211265
42.333743,-71.096857
42.333782,-71.105582
42.3337902,-71.08081125000001
42.333794,-71.082523
42.333794,-71.082523
42.333794,-71.082523
42.333794,-71.082523
42.333794,-71.082523
42.333794,-71.082523
42.333794,-71.082523
42.333794,-71.082523
42.333794,-71.082523
42.333794,-71.082523
42.33391825,-71.07982277705187
42.3339289,-71.10633874946579
42.333953,-71.097389
42.333996,-71.031814
42.333996,-71.031814
42.334126,-71.087462
42.33416957369749,-71.07542422322699
42.334224,-71.048283
42.334291,-71.039552
42.334354,-71.082026
42.334354,-71.082026
42.334395,-71.031817
42.334395,-71.031817
42.334426,-71.089421
42.334426,-71.089421
42.334426,-71.089421
42.334487800000005,-71.0894654
42.334599,-71.047508
42.334668,-71.093789
42.33470105,-71.0390181569588
42.334756,-71.035403
42.334812,-71.055579
42.334812,-71.055579
42.334925,-71.106072
42.334959,-71.046763
42.3349826,-71.0371376
42.335117,-71.094853
42.335371,-71.096834
42.335435,-71.084864
42.33555,-71.03996
42.335566,-71.07713
42.335566,-71.07713
42.335566,-71.07713
42.335566,-71.07713
42.33566,-71.033346
42.33566,-71.033346
42.33566,-71.033346
42.3356687,-71.0869956
42.335792,-71.030309
42.335871,-71.05154
42.33587435,-71.03872462204633
42.336101,-71.041573
42.336101,-71.041573
42.336138,-71.037027
42.336166,-71.044615
42.336166,-71.044615
42.336166,-71.044615
42.336166,-71.044615
42.336166,-71.044615
42.336166,-71.044615
42.3361902,-71.0625272
42.336331,-71.04422
42.336453,-71.073217
42.336521,-71.044399
42.336521,-71.044399
42.336537,-71.106593
42.336538,-71.079265
42.336591,-71.02926
42.336591,-71.02926
42.336797,-71.087267
42.3368382,-71.09937817567344
42.336951,-71.076379
42.336951,-71.076379
42.337011,-71.075352
42.33717405,-71.051249
42.33719045,-71.09608805080008
42.337224,-71.055375
42.337246,-71.039264
42.337246,-71.039264
42.337271,-71.085258
42.33727822984974,-71.0754261165277
42.337367,-71.084558
42.337426,-71.099048
42.337426,-71.099048
42.337443,-71.049731
42.337443,-71.049731
42.337475,-71.075668
42.337677,-71.056091
42.337689,-71.084046
42.337727,-71.095745
42.337727,-71.095745
42.33781,-71.078689
42.33781,-71.078689
42.33786595,-71.10127414497714
42.337903,-71.057118
42.337903,-71.057118
42.337931,-71.074995
42.337931,-71.074995
42.337931,-71.074995
42.33793675,-71.06355455514995
42.337959,-71.048424
42.337979,-71.044383
42.33799612469161,-71.06933441758581
42.338028,-71.041606
42.338037,-71.153191
42.33807710000001,-71.0514299409409
42.338091,-71.072675
42.3381,-71.049751
42.3381,-71.049751
42.3381,-71.049751
42.3381,-71.049751
42.3381,-71.049751
42.3381,-71.049751
42.338118,-71.094753
42.3381255,-71.08484290909091
42.3381255,-71.08484290909091
42.338137,-71.031502
42.338141,-71.035485
42.338141,-71.035485
42.33815975,-71.05227885809774
42.338185,-71.028159
42.338332,-71.069773
42.338421,-71.074288
42.338443,-71.092756
42.338476295441325,-71.07189829429569
42.338477,-71.06651
42.3387553,-71.0778284713563
42.338806,-71.057105
42.3388233,-71.0703315
42.338825,-71.068018
42.33884,-71.092478
42.33884,-71.092478
42.338868,-71.07363
42.338868,-71.07363
42.338868,-71.07363
42.338868,-71.07363
42.338868,-71.07363
42.338868,-71.05624
42.338868,-71.05624
42.338879,-71.077384
42.338879,-71.077384
42.338974,-71.101957
42.338983,-71.071769
42.33924575,-71.05007855
42.3394545,-71.06921639359052
42.3394569,-71.0904918
42.3396015,-71.05051340174255
42.339614,-71.072504
42.339614,-71.072504
42.339614,-71.072504
42.33966525,-71.0625446
42.33966525,-71.0625446
42.33967507824502,-71.04982119948824
42.33970895,-71.1613476
42.339754,-71.055917
42.339754,-71.055917
42.339811,-71.056023
42.339824,-71.037621
42.339921,-71.074928
42.339921,-71.074928
42.3399219,-71.06138326162016
42.339930977777776,-71.0721856888889
42.3399658,-71.06850025999846
42.34000972079916,-71.15420551063863
42.340055,-71.068351
42.340055,-71.068351
42.340056,-71.071826
42.340295,-71.109894
42.340295,-71.109894
42.340295,-71.109894
42.340448300000006,-71.07758269277181
42.340544,-71.072527
42.340544,-71.072527
42.3405802,-71.0839169
42.340686,-71.074822
42.340782,-71.056743
42.34079,-71.098407
42.34079,-71.098407
42.34079,-71.098407
42.34079,-71.098407
42.34079698435404,-71.07130953320845
42.340914,-71.091207
42.340979,-71.063508
42.341094,-71.055404
42.341094,-71.055404
42.3411265,-71.0549541
42.341143,-71.072126
42.34114425,-71.07895830086554
42.34124245,-71.07243562480744
42.341286,-71.072075
42.34139945,-71.07696184884263
42.341474,-71.086614
42.341633,-71.080501
42.341633,-71.080501
42.341833,-71.055529
42.341935,-71.074049
42.341991,-71.075349
42.341991,-71.075349
42.342029,-71.082554
42.342029,-71.082554
42.3420737,-71.14044353378111
42.34212,-71.070593
42.34212,-71.070593
42.342149,-71.079824
42.342167,-71.087631
42.342167,-71.087631
42.342255,-71.069533
42.3423372783902,-71.06780948775848
42.342444,-71.095034
42.34248774059038,-71.04666735913679
42.342611,-71.086598
42.342611,-71.086598
42.342611,-71.086598
42.342611,-71.086598
42.3426148,-71.07159238488613
42.342666,-71.101204
42.342666,-71.101204
42.342666,-71.083522
42.342666,-71.083522
42.342666,-71.083522
42.342686,-71.07919
42.34271955,-71.15345459125
42.342756,-71.067139
42.342774000000006,-71.054526
42.34278267924528,-71.05451656603773
42.342787,-71.057163
42.342797,-71.049988
42.342797,-71.049988
42.342825,-71.061805
42.34283,-71.073754
42.342858,-71.072811
42.342898,-71.070324
42.343008,-71.10098473972333
42.34307465,-71.08010429999999
42.343188,-71.090203
42.343191,-71.078531
42.343213,-71.03745
42.343213,-71.03745
42.343213,-71.03745
42.343213,-71.03745
42.343213,-71.03745
42.343213,-71.03745
42.343213,-71.03745
42.343213,-71.03745
42.343213,-71.03745
42.343213,-71.03745
42.343213,-71.03745
42.34325882723365,-71.09931944613164
42.343288,-71.14244248937635
42.343399,-71.06843
42.3434,-71.06843
42.343474,-71.056902
42.343513,-71.094612
42.343513,-71.094612
42.3437659,-71.07146952948793
42.343775,-71.065358
42.343775,-71.065358
42.343775,-71.065358
42.343775,-71.065358
42.343775,-71.065358
42.343775,-71.065358
42.343775,-71.065358
42.343919,-71.089964
42.343919,-71.089964
42.343981,-71.05724
42.343981,-71.05724
42.343981,-71.05724
42.343981,-71.05724
42.343981,-71.05724
42.343981,-71.05724
42.3440492,-71.1426244
42.344052,-71.045988
42.344052,-71.045988
42.344052,-71.045988
42.344069,-71.062063
42.344069,-71.062063
42.344121,-71.072001
42.344122,-71.072002
42.344122,-71.072002
42.344122,-71.072002
42.344122,-71.072002
42.344122,-71.072002
42.344122,-71.072002
42.344122,-71.072002
42.3441451,-71.09125878726368
42.344149,-71.079971
42.34415,-71.079972
42.34426675,-71.07379692197868
42.344295,-71.0362017
42.344356,-71.055376
42.344386,-71.053116
42.344386,-71.053116
42.344386,-71.053116
42.344386,-71.053116
42.344386,-71.053116
42.3444687,-71.1691706
42.344487,-71.039493
42.344549,-71.094644
42.344556,-71.053648
42.344629,-71.036931
42.344646,-71.068075
42.344646,-71.068075
42.344646,-71.068075
42.344826,-71.074736
42.3448615,-71.10447359589818
42.344872,-71.057237
42.344928,-71.037084
42.3449422,-71.085421
42.344977,-71.068997
42.344977,-71.068997
42.344977,-71.068997
42.345105,-71.074872
42.345265,-71.069854
42.345289,-71.104362
42.345289,-71.104362
42.345289,-71.104362
42.345289,-71.104362
42.345289,-71.104362
42.345289,-71.104362
42.345289,-71.104362
42.345289,-71.104362
42.345289,-71.104362
42.345289,-71.104362
42.345293,-71.087668
42.345341,-71.080258
42.345341,-71.080258
42.34536,-71.075841
42.34536,-71.075841
42.34536,-71.075841
42.34536,-71.075841
42.34536,-71.075841
42.34536,-71.075841
42.34536,-71.075841
42.34536,-71.075841
42.34536,-71.075841
42.34536,-71.075841
42.34536,-71.075841
42.34536,-71.075841
42.34536,-71.075841
42.34536,-71.075841
42.34536,-71.075841
42.34536,-71.075841
42.34536,-71.075841
42.34536,-71.075841
42.34536,-71.075841
42.34536,-71.075841
42.34536,-71.075841
42.34536,-71.075841
42.34536,-71.075841
42.3454253,-71.16065526960352
42.345436,-71.070218
42.3454765,-71.0878905
42.3454923,-71.0368438579377
42.3454923,-71.0368438579377
42.3455247,-71.0379385
42.345566,-71.075091
42.345566,-71.075091
42.345566,-71.075091
42.345566,-71.075091
42.345566,-71.075091
42.345566,-71.075091
42.345566,-71.075091
42.345566,-71.075091
42.345566,-71.075091
42.345566,-71.075091
42.345615,-71.057045
42.34567551428571,-71.07433065714287
42.345816,-71.0751
42.345855,-71.075238
42.345855,-71.075238
42.345855,-71.075238
42.345855,-71.075238
42.345855,-71.075238
42.345855,-71.075238
42.345855,-71.075238
42.345855,-71.075238
42.345855,-71.075238
42.345855,-71.075238
42.345855,-71.075238
42.345855,-71.075238
42.34587672105134,-71.15950352829789
42.345887,-71.042583
42.345887,-71.042583
42.345963,-71.105848
42.346021,-71.043725
42.346039,-71.084406
42.346039,-71.084406
42.346088482758624,-71.07470310344827
42.346101,-71.095692
42.346134,-71.079954
42.34616,-71.061205
42.346419,-71.078966
42.346461,-71.089264
42.346461,-71.089264
42.346614,-71.069102
42.346634,-71.087454
42.346709,-71.065091
42.346709,-71.065091
42.346709,-71.065091
42.346734,-71.071828
42.346737,-71.08503
42.346794,-71.094785
42.346801,-71.152005
42.346851,-71.067818
42.346886,-71.089264
42.346965,-71.070957
42.346981,-71.104213
42.347005,-71.094415
42.347153,-71.094394
42.347262,-71.073531
42.34731,-71.051951
42.347322,-71.086638
42.347335,-71.069598
42.3473705,-71.10515316887762
42.34749765,-71.1412979851892
42.347502,-71.091546
42.347502,-71.091546
42.347503200000006,-71.15538442866122
42.34751039130435,-71.16076904347827
42.34755229634963,-71.06856901895338
42.347559,-71.15262628603463
42.3475713,-71.06383131105848
42.347637,-71.098115
42.347637,-71.098115
42.347637,-71.098115
42.347637,-71.098115
42.347637,-71.098115
42.347724,-71.104787
42.347724,-71.104787
42.347755,-71.106989
42.347822,-71.064297
42.34784,-71.046523
42.3479331,-71.153735
42.34796,-71.085313
42.34797945,-71.06495939075145
42.348012,-71.071494
42.348012,-71.071494
42.3480675,-71.0855303
42.34815117384011,-71.03746559573202
42.3481552,-71.0839194
42.348209,-71.078417
42.348209,-71.078417
42.348209,-71.078417
42.348209,-71.078417
42.348209,-71.078417
42.348209,-71.078417
42.348209,-71.078417
42.348209,-71.078417
42.348209,-71.078417
42.348209,-71.078417
42.348209,-71.078417
42.348209,-71.078417
42.348209,-71.078417
42.348209,-71.078417
42.348209,-71.078417
42.348209,-71.078417
42.348209,-71.078417
42.348209,-71.078417
42.348209,-71.078417
42.348209,-71.078417
42.348209,-71.078417
42.348209,-71.078417
42.348209,-71.078417
42.348209,-71.078417
42.348209,-71.078417
42.348209,-71.078417
42.348209,-71.078417
42.348209,-71.078417
42.34822509999999,-71.15329154103298
42.348366,-71.083795
42.348366,-71.083795
42.3484351,-71.06844538237493
42.34845118979052,-71.05813187950969
42.348611,-71.065563
42.348611,-71.065563
42.348611,-71.065563
42.348611,-71.065563
42.348611,-71.065563
42.348611,-71.065563
42.34863451334512,-71.09836155094341
42.34876,-71.066613
42.3488103,-71.0695565
42.348824,-71.160126
42.3488353,-71.1501458
42.348897,-71.062694
42.348897,-71.062694
42.348897,-71.062694
42.3489448,-71.07093949786537
42.34896775,-71.04819620036707
42.349146,-71.153449
42.349174,-71.084139
42.349174,-71.084139
42.349246750000006,-71.14544342050723
42.34925075510204,-71.06088495918367
42.34928,-71.076933
42.34928,-71.076933
42.34928,-71.076933
42.34928,-71.076933
42.34928,-71.076933
42.34928,-71.076933
42.3493298,-71.0786547381636
42.34936,-71.06549485714287
42.349407,-71.066529
42.3495476,-71.08522237897623
42.34961,-71.075874
42.34961,-71.075874
42.34961,-71.075874
42.3496691,-71.08000962731981
42.3496876,-71.04964881263065
42.349709,-71.041041
42.349709,-71.041041
42.349709,-71.041041
42.349709,-71.041041
42.349719,-71.050439
42.349719,-71.050439
42.349753,-71.1484105625
42.34979805,-71.05921319803153
42.3498133,-71.08748862214156
42.349914,-71.079681
42.34999,-71.06795
42.34999,-71.06795
42.34999,-71.06795
42.34999,-71.06795
42.35003605,-71.08338705
42.3500535,-71.04733567853867
42.350148,-71.069897
42.350235,-71.066693
42.350235,-71.066693
42.350235,-71.066693
42.350235,-71.066693
42.350235,-71.066693
42.350235,-71.066693
42.350235,-71.066693
42.350262,-71.060225
42.350262,-71.060225
42.350262,-71.060225
42.350262,-71.060225
42.350360550000005,-71.14556920922803
42.350372,-71.066613
42.35038,-71.110415
42.35038,-71.110415
42.35038,-71.110415
42.35038,-71.110415
42.35038,-71.110415
42.35038,-71.110415
42.35038,-71.110415
42.35038,-71.110415
42.35038,-71.110415
42.35038,-71.110415
42.35038,-71.110415
42.35038,-71.110415
42.35038,-71.110415
42.35038,-71.110415
42.35038,-71.110415
42.35038,-71.110415
42.35038,-71.110415
42.35038,-71.110415
42.35038,-71.110415
42.35038,-71.110415
42.35038,-71.110415
42.35038,-71.110415
42.35038,-71.110415
42.35038,-71.110415
42.35038,-71.110415
42.35038,-71.110415
42.35038,-71.110415
42.35038,-71.110415
42.35038,-71.110415
42.35038,-71.110415
42.35038,-71.110415
42.35038,-71.110415
42.35038,-71.110415
42.35038,-71.110415
42.35038,-71.110415
42.35038,-71.110415
42.35038,-71.110415
42.35038,-71.110415
42.35038,-71.110415
42.35038,-71.110415
42.35038,-71.110415
42.35038,-71.110415
42.35038,-71.110415
42.35038,-71.110415
42.35038,-71.110415
42.35038,-71.110415
42.35038,-71.110415
42.35038,-71.110415
42.35038,-71.110415
42.35038,-71.110415
42.35038,-71.110415
42.35038,-71.110415
42.35038,-71.110415
42.35038,-71.110415
42.35038,-71.110415
42.35038,-71.110415
42.35038,-71.110415
42.35038,-71.110415
42.35038,-71.110415
42.35038,-71.110415
42.35038,-71.110415
42.35038,-71.110415
42.35038,-71.110415
42.35038,-71.110415
42.35038,-71.110415
42.35038,-71.110415
42.35038,-71.110415
42.35038,-71.110415
42.35038,-71.110415
42.35038,-71.110415
42.35038,-71.110415
42.350441,-71.056626
42.350487,-71.068683
42.350487,-71.068683
42.3505737,-71.0779829
42.3505818,-71.08141458937914
42.35061475,-71.0765726638792
42.350666,-71.167475
42.3507136,-71.1135773
42.3507136,-71.1135773
42.3507136,-71.1135773
42.350725,-71.086621
42.350755,-71.072822
42.350798,-71.067534
42.350864,-71.082766
42.350864,-71.082766
42.350895,-71.115631
42.350916,-71.062967
42.350916,-71.062967
42.350916,-71.062967
42.3510125,-71.04370825000001
42.35102,-71.043915
42.35106905,-71.16147569793429
42.351143,-71.085124
42.351205,-71.043781
42.3512161,-71.1179045
42.351243,-71.073067
42.351293600000005,-71.11387671441952
42.3513,-71.067276
42.351309,-71.078922
42.3513286,-71.16787179362348
42.351333,-71.060306
42.3513336,-71.16818653351379
42.35143,-71.052847
42.35143,-71.052847
42.35143,-71.052847
42.35143,-71.052847
42.35143,-71.052847
42.35143,-71.052847
42.35143,-71.052847
42.35143,-71.052847
42.35143,-71.052847
42.35143,-71.052847
42.35143,-71.052847
42.35143,-71.052847
42.35143,-71.052847
42.35143,-71.052847
42.35143,-71.052847
42.35143,-71.052847
42.35143,-71.052847
42.35143,-71.052847
42.35143,-71.052847
42.35143,-71.052847
42.35143,-71.052847
42.35143,-71.052847
42.35143,-71.052847
42.35143,-71.052847
42.35143,-71.052847
42.35143,-71.052847
42.35143,-71.052847
42.35143,-71.052847
42.35143,-71.052847
42.35143,-71.052847
42.35143,-71.052847
42.35143,-71.052847
42.35143,-71.052847
42.35143,-71.052847
42.35143,-71.052847
42.35143,-71.052847
42.35143,-71.052847
42.35143,-71.052847
42.35143,-71.052847
42.351449,-71.06306740937632
42.351456,-71.087485
42.3514854,-71.0500654
42.351521,-71.166725
42.351596,-71.068938
42.351596,-71.068938
42.35166235,-71.0607693454977
42.351685,-71.142899
42.351707,-71.064725
42.351707,-71.064725
42.351707,-71.064725
42.351707,-71.064725
42.351737,-71.058196
42.351766,-71.055894
42.351766,-71.055894
42.351766,-71.055894
42.351766,-71.055894
42.35176715,-71.07693917917331
42.351815,-71.067251
42.351815,-71.067251
42.351815,-71.067251
42.35184172588448,-71.05355538328168
42.351991,-71.061223
42.351991,-71.061223
42.352066,-71.13765145424365
42.3520843,-71.0631338174366
42.352097,-71.07022413218809
42.352128050000005,-71.16072818669493
42.35217365,-71.12064219506067
42.3522,-71.118386
42.35226775,-71.07507925
42.352305,-71.077398
42.352305,-71.077398
42.352305,-71.077398
42.352305,-71.077398
42.352305,-71.077398
42.352305,-71.077398
42.352305,-71.077398
42.352305,-71.077398
42.352305,-71.077398
42.352305,-71.077398
42.352305,-71.077398
42.352305,-71.077398
42.352305,-71.077398
42.35232351505656,-71.05813939115126
42.352336,-71.064062
42.352336,-71.064062
42.352336,-71.064062
42.352341,-71.065085
42.3523412,-71.1544677
42.352399,-71.062575
42.352399,-71.062575
42.352399,-71.062575
42.352399,-71.062575
42.352399,-71.062575
42.352399,-71.062575
42.352399,-71.062575
42.352399,-71.062575
42.352399,-71.062575
42.352399,-71.062575
42.352399,-71.062575
42.352399,-71.062575
42.352399,-71.062575
42.352399,-71.062575
42.352399,-71.062575
42.352399,-71.062575
42.352457,-71.08355
42.352486,-71.064419
42.352548,-71.059828
42.352621,-71.055392
42.352621,-71.055392
42.352621,-71.055392
42.352621,-71.055392
42.352621,-71.055392
42.352621,-71.055392
42.352621,-71.055392
42.352621,-71.055392
42.352621,-71.055392
42.352621,-71.055392
42.352621,-71.055392
42.352621,-71.055392
42.352621,-71.055392
42.352672,-71.071079
42.352672,-71.071079
42.352672,-71.071079
42.352672,-71.071079
42.352672,-71.071079
42.3528821,-71.1599869
42.35292,-71.048681
42.353054,-71.081261
42.353124,-71.07206
42.353125,-71.060507
42.353125,-71.060507
42.353283,-71.063332
42.353386,-71.061329
42.353386,-71.061329
42.353386,-71.061329
42.353386,-71.061329
42.353386,-71.061329
42.353386,-71.061329
42.353386,-71.061329
42.353386,-71.061329
42.353386,-71.061329
42.353386,-71.061329
42.353386,-71.061329
42.353386,-71.061329
42.353386,-71.061329
42.353386,-71.061329
42.353386,-71.061329
42.353386,-71.061329
42.353394,-71.064234
42.353394,-71.064234
42.353394,-71.064234
42.353394,-71.064234
42.353394,-71.064234
42.353394,-71.064234
42.353394,-71.064234
42.353394,-71.064234
42.353394,-71.064234
42.353394,-71.064234
42.353394,-71.064234
42.353394,-71.064234
42.353394,-71.064234
42.353394,-71.064234
42.353394,-71.064234
42.353394,-71.064234
42.35342,-71.046923
42.35342,-71.046923
42.353555,-71.060248
42.35366556059163,-71.1290991031299
42.353684,-71.0612964
42.353798350000005,-71.13613656749065
42.35380615,-71.13202201780288
42.3538426,-71.05741709291843
42.3538426,-71.05741709291843
42.354022,-71.074401
42.354022,-71.074401
42.354022,-71.074401
42.354042,-71.132362
42.354042,-71.056133
42.354113,-71.054062
42.354113,-71.054062
42.354137,-71.058518
42.354137,-71.058518
42.354137,-71.058518
42.354137,-71.058518
42.354137,-71.058518
42.354137,-71.058518
42.3541779,-71.1360927
42.354223,-71.071873
42.354223,-71.071873
42.354223,-71.071873
42.354223,-71.071873
42.354223,-71.071873
42.354223,-71.071873
42.354223,-71.071873
42.354223,-71.071873
42.35432775,-71.13868837100381
42.354495,-71.059001
42.354495,-71.059001
42.354495,-71.059001
42.354495,-71.059001
42.354495,-71.059001
42.354495,-71.059001
42.35452,-71.053337
42.35452,-71.053337
42.35452,-71.053337
42.3547517,-71.0531784
42.354769,-71.056314
42.354772,-71.05682
42.354772,-71.05682
42.354772,-71.05682
42.3548,-71.149965
42.354856,-71.054829
42.35505131582072,-71.06329714340309
42.355236,-71.057446
42.355236,-71.057446
42.355236,-71.057446
42.3554005,-71.0637636
42.35561902000524,-71.15257819021463
42.355662,-71.055684
42.355744,-71.071618
42.355781,-71.052833
42.3560894,-71.0692029
42.356092,-71.058461
42.356266,-71.071525
42.3563466,-71.141266
42.356381,-71.072941
42.356398,-71.05942
42.356398,-71.05942
42.356398,-71.05942
42.356398,-71.05942
42.356398,-71.05942
42.356398,-71.05942
42.356398,-71.05942
42.356398,-71.05942
42.356398,-71.05942
42.356398,-71.05942
42.356398,-71.05942
42.356398,-71.05942
42.356398,-71.05942
42.356398,-71.05942
42.356398,-71.05942
42.356398,-71.05942
42.356398,-71.05942
42.356398,-71.05942
42.356398,-71.05942
42.356398,-71.05942
42.356398,-71.05942
42.356398,-71.05942
42.356398,-71.05942
42.356398,-71.05942
42.356398,-71.05942
42.356398,-71.05942
42.356398,-71.05942
42.356398,-71.05942
42.356398,-71.05942
42.356398,-71.05942
42.356398,-71.05942
42.356398,-71.05942
42.356477,-71.070017
42.356477,-71.070017
42.35660885,-71.06929299654826
42.356631,-71.051524
42.356631,-71.051524
42.356631,-71.051524
42.356631,-71.051524
42.35669506937382,-71.06199949363514
42.356813,-71.067044
42.356844,-71.06039
42.356844,-71.06039
42.356913,-71.055759
42.356988,-71.058737
42.3572557,-71.1522328369403
42.357372,-71.06484952835714
42.35741,-71.148298
42.35741,-71.148298
42.357459,-71.062944
42.357509,-71.054968
42.357644,-71.057155
42.357671,-71.062427
42.357671,-71.062427
42.357671,-71.062427
42.35767675,-71.05375665
42.357687,-71.066889
42.357687,-71.066889
42.357687,-71.066889
42.357687,-71.066889
42.357687,-71.066889
42.357687,-71.066889
42.357766,-71.059299
42.357865,-71.066133
42.357865,-71.066133
42.357915,-71.05209
42.357929,-71.069481
42.357929,-71.069481
42.358092,-71.060354
42.358092,-71.060354
42.358092,-71.060354
42.358092,-71.060354
42.358092,-71.060354
42.358092,-71.060354
42.358092,-71.060354
42.3581201,-71.05887890549795
42.358143,-71.071029
42.358143,-71.071029
42.358143,-71.071029
42.358143,-71.071029
42.358143,-71.071029
42.358143,-71.071029
42.358143,-71.058618
42.358228,-71.059
42.358276,-71.054957
42.358283,-71.061259
42.358283,-71.061259
42.358283,-71.061259
42.358283,-71.061259
42.358283,-71.061259
42.358283,-71.061259
42.358283,-71.061259
42.358283,-71.061259
42.358283,-71.061259
42.358283,-71.061259
42.358283,-71.061259
42.358283,-71.061259
42.358283,-71.061259
42.358283,-71.061259
42.35843,-71.05977
42.35843,-71.05977
42.35843,-71.05977
42.35843,-71.05977
42.358478,-71.071105
42.35861525,-71.05900965115717
42.358667,-71.054357
42.358673,-71.05146
42.358713,-71.062822
42.358713,-71.062822
42.358713,-71.062822
42.358713,-71.062822
42.358713,-71.062822
42.358713,-71.062822
42.358714,-71.062823
42.358714,-71.062823
42.358714,-71.062823
42.358714,-71.062823
42.35883,-71.053675
42.358833,-71.051199
42.3589343,-71.1237859
42.358951,-71.058216
42.358984,-71.05
42.358984,-71.05
42.359196,-71.051195
42.359203,-71.062861
42.3592182,-71.06093
42.359223,-71.054634
42.3592481,-71.1443745
42.359279,-71.061511
42.359311,-71.053876
42.359311,-71.053876
42.359311,-71.053876
42.359311,-71.053876
42.359311,-71.053876
42.359311,-71.053876
42.359339,-71.068581
42.359379,-71.064369
42.359379,-71.064369
42.359477,-71.059815
42.359539,-71.052475
42.359559,-71.055634
42.359566,-71.051727
42.3596097,-71.0572443
42.35968095,-71.05934842385119
42.359717,-71.072036
42.359759,-71.051195
42.359759,-71.051195
42.359759,-71.051195
42.359864,-71.051765
42.360026,-71.063583
42.360026,-71.063583
42.36011925,-71.12772458113403
42.360166,-71.056184
42.360166,-71.056184
42.3601769,-71.056519
42.3603057,-71.13845752525928
42.36031,-71.071288
42.36031,-71.071288
42.36031,-71.071288
42.36031,-71.071288
42.36031,-71.071288
42.36031,-71.071288
42.36031,-71.071288
42.36031,-71.071288
42.360363,-71.128623
42.36052325,-71.06262770275085
42.360648,-71.066889
42.36075595,-71.13397379082869
42.360770200000005,-71.45107029841122
42.36085765,-71.06569338388931
42.361,-71.056919
42.361,-71.056919
42.36116,-71.057515
42.36116,-71.057515
42.36116,-71.057515
42.36116,-71.057515
42.36116,-71.057515
42.36116,-71.057515
42.36116,-71.057515
42.36116,-71.057515
42.36116,-71.057515
42.36116,-71.057515
42.36116,-71.057515
42.361176,-71.069114
42.361176,-71.069114
42.361176,-71.069114
42.361176,-71.069114
42.361176,-71.069114
42.361187,-71.053326
42.3612,-71.06785
42.3612,-71.06785
42.361229,-71.062911
42.36123284999999,-71.116764
42.361241,-71.063755
42.3612654,-71.05726497243589
42.361309,-71.070471
42.361309,-71.070471
42.361309,-71.070471
42.361309,-71.070471
42.3613214,-71.0706138
42.361485,-71.069983
42.361485,-71.069983
42.361485,-71.069983
42.361485,-71.069983
42.361485,-71.069983
42.361485,-71.069983
42.361485,-71.069983
42.361485,-71.069983
42.361485,-71.069983
42.361485,-71.069983
42.361485,-71.069983
42.361485,-71.069983
42.361485,-71.069983
42.361485,-71.069983
42.361485,-71.069983
42.361485,-71.069983
42.361485,-71.069983
42.361485,-71.069983
42.361485,-71.069983
42.361485,-71.069983
42.361485,-71.069983
42.361511,-71.057641
42.361511,-71.057641
42.361511,-71.057641
42.361511,-71.057641
42.3615437,-71.0650037001083
42.36166460148858,-71.14705265317264
42.3616868,-71.0573218
42.36173495458079,-71.05228158354046
42.36175557142857,-71.05654485714285
42.361822,-71.06029237619475
42.3619,-71.048885
42.3619,-71.048885
42.3619,-71.048885
42.3619,-71.048885
42.3619645335262,-71.0608131815102
42.36197842695972,-71.05114511252955
42.362198,-71.063858
42.362198,-71.063858
42.36230764283543,-71.06394900237962
42.362335,-71.051094
42.362446,-71.140627
42.362493,-71.061669
42.362511,-71.058353
42.362511,-71.058353
42.362584,-71.051
42.362584,-71.051
42.362584,-71.051
42.362663,-71.058014
42.362722,-71.057418
42.362805,-71.051898
42.363010123076776,-71.05429793163889
42.36311,-71.051647
42.36311,-71.051647
42.36311,-71.051647
42.36311,-71.051647
42.36311,-71.051647
42.36311,-71.051647
42.36311,-71.051647
42.36311,-71.051647
42.363175,-71.135331
42.363175,-71.135331
42.36324,-71.059536
42.36324,-71.059536
42.36324,-71.059536
42.36324,-71.059536
42.363256,-71.05609
42.363308,-71.06061
42.363308,-71.06061
42.36332515,-71.13572623382117
42.36343250117764,-71.13408894802633
42.3634331,-71.0537523
42.3636,-71.057208
42.3636,-71.057208
42.3636,-71.057208
42.3636,-71.057208
42.3636,-71.057208
42.363603,-71.061942
42.363603,-71.061942
42.363614,-71.055232
42.363676,-71.060997
42.363676,-71.060997
42.363698,-71.055368
42.363698,-71.055368
42.363698,-71.055368
42.363872,-71.056614
42.36398,-71.067518
42.36398,-71.067518
42.36409915,-71.05492163794528
42.364115,-71.058446
42.364115,-71.058446
42.364115,-71.058446
42.364115,-71.058446
42.364115,-71.058446
42.364166,-71.118157
42.364166,-71.118157
42.364166,-71.118157
42.364166,-71.118157
42.364174,-71.05109
42.364193,-71.063388
42.364193,-71.063388
42.364193,-71.063388
42.364239,-71.028994
42.364385,-71.058287
42.364385,-71.058287
42.364385,-71.058287
42.364385,-71.058287
42.364385,-71.058287
42.364385,-71.058287
42.364385,-71.058287
42.364391,-71.058185
42.364408,-71.052217
42.364439,-71.052304
42.364478,-71.056203
42.364528,-71.054684
42.364602,-71.054384
42.364743,-71.053153
42.364909,-71.034387
42.365148,-71.053955
42.365271,-71.061788
42.3653014,-71.05449107414432
42.365314,-71.05778
42.365314,-71.053013
42.365381,-71.029864
42.36552815,-71.03494070052452
42.365555,-71.058405
42.365555,-71.058405
42.36556,-71.061239
42.36560242857143,-71.052814
42.36565,-71.10832
42.36565,-71.10832
42.36565,-71.10832
42.36565,-71.10832
42.36565,-71.10832
42.36565,-71.10832
42.36568355,-71.05676225319294
42.365708,-71.118082
42.3657308,-71.0570928
42.36575,-71.028865
42.36577655,-71.05315659884906
42.36592635,-71.0548189110161
42.365939,-71.058438
42.365939,-71.058438
42.365939,-71.058438
42.365939,-71.058438
42.365939,-71.058438
42.365939,-71.058438
42.365939,-71.058438
42.365939,-71.058438
42.365939,-71.058438
42.365939,-71.058438
42.365939,-71.058438
42.365939,-71.058438
42.365939,-71.058438
42.365939,-71.058438
42.365939,-71.058438
42.365939,-71.058438
42.365939,-71.058438
42.365939,-71.058438
42.365939,-71.058438
42.365939,-71.058438
42.365939,-71.058438
42.365939,-71.058438
42.365939,-71.058438
42.365939,-71.058438
42.365939,-71.058438
42.365939,-71.058438
42.365939,-71.058438
42.365939,-71.058438
42.365939,-71.058438
42.365939,-71.058438
42.365939,-71.058438
42.365939,-71.058438
42.365939,-71.058438
42.365939,-71.058438
42.365939,-71.058438
42.365939,-71.058438
42.365939,-71.058438
42.365939,-71.058438
42.365939,-71.058438
42.365939,-71.058438
42.365939,-71.058438
42.365939,-71.058438
42.365939,-71.058438
42.365939,-71.058438
42.365939,-71.058438
42.365939,-71.058438
42.365939,-71.058438
42.365939,-71.058438
42.365939,-71.058438
42.365939,-71.058438
42.365939,-71.058438
42.365939,-71.058438
42.365939,-71.058438
42.365939,-71.058438
42.365939,-71.058438
42.365939,-71.058438
42.365939,-71.058438
42.365939,-71.058438
42.365939,-71.058438
42.365939,-71.058438
42.365939,-71.058438
42.365939,-71.058438
42.365939,-71.058438
42.365939,-71.058438
42.365939,-71.058438
42.365939,-71.058438
42.365939,-71.058438
42.365939,-71.058438
42.365939,-71.058438
42.365939,-71.058438
42.36599438522843,-71.0660958120767
42.366036300000005,-71.05335913539538
42.3660542,-71.0547783
42.366152,-71.03352
42.366154,-71.054756
42.366197,-71.050895
42.366285,-71.059794
42.366285,-71.059794
42.366285,-71.059794
42.366306,-71.053236
42.36631,-71.064098
42.366399,-71.125573
42.366462,-71.059424
42.366462,-71.059424
42.366474,-71.039322
42.36653770460507,-71.03250675230345
42.3667019,-71.049326
42.3667533,-71.0587841
42.366789,-71.051778
42.366789,-71.051778
42.366897,-71.039495
42.367176400000005,-71.06473451589369
42.367198,-71.054445
42.367264,-71.054651
42.367264,-71.054651
42.367264,-71.054651
42.367264,-71.054651
42.367264,-71.054651
42.367264,-71.054651
42.367264,-71.054651
42.367265,-71.05457
42.367733,-71.033386
42.367733,-71.033386
42.367733,-71.033386
42.367795,-71.055757
42.367816,-71.056401
42.367816,-71.056401
42.3678769,-71.05779513677732
42.367944,-71.054763
42.368006,-71.052055
42.368006,-71.052055
42.368006,-71.052055
42.36802665,-71.03872617191757
42.368203,-71.05535
42.368285,-71.030293
42.368285,-71.030293
42.36868085,-71.05393366881516
42.36871,-71.037474
42.368905,-71.032324
42.368939,-71.036197
42.3692003,-71.03460072257127
42.369247,-71.040592
42.369397,-71.040937
42.369401,-71.039529
42.369535,-71.041254
42.369541,-71.036692
42.369541,-71.036692
42.369541,-71.036692
42.369717,-71.03796
42.36972215217392,-71.03349204347826
42.3699975,-71.0334945
42.370008,-71.03866
42.370008,-71.03866
42.370008,-71.03866
42.370101,-71.039891
42.370101,-71.039891
42.370101,-71.039891
42.370101,-71.039891
42.370567,-71.026964
42.370567,-71.026964
42.370567,-71.026964
42.370567,-71.026964
42.370567,-71.026964
42.370567,-71.026964
42.370567,-71.026964
42.370567,-71.026964
42.370567,-71.026964
42.370567,-71.026964
42.370567,-71.026964
42.370567,-71.026964
42.370567,-71.026964
42.370567,-71.026964
42.370567,-71.026964
42.370639,-71.060803
42.370822,-71.038991
42.370822,-71.038991
42.370822,-71.038991
42.370822,-71.038991
42.370822,-71.038991
42.370822,-71.038991
42.370851,-71.03940399999999
42.37087887179487,-71.03245782051282
42.37102,-71.040953
42.371182,-71.039002
42.371308,-71.041626
42.37141095,-71.03789740632155
42.371436,-71.039081
42.371518,-71.043429
42.371593,-71.03894
42.371601,-71.042313
42.371601,-71.042313
42.37175,-71.041283
42.37189285,-71.0388107714476
42.3721142,-71.0620297
42.372157,-71.036144
42.37217,-71.061962
42.3724172,-71.03687237739618
42.37244365,-71.03705817552732
42.373023,-71.034815
42.373056,-71.036895
42.373697,-71.034362
42.373697,-71.034362
42.373697,-71.034362
42.373697,-71.034362
42.373697,-71.034362
42.373697,-71.034362
42.373697,-71.034362
42.373697,-71.034362
42.373697,-71.034362
42.373841,-71.035101
42.373841,-71.035101
42.373841,-71.035101
42.373841,-71.035101
42.373841,-71.035101
42.373841,-71.035101
42.373841,-71.035101
42.373841,-71.035101
42.373841,-71.035101
42.373841,-71.035101
42.373841,-71.035101
42.373841,-71.035101
42.373841,-71.035101
42.373841,-71.035101
42.373841,-71.035101
42.373841,-71.035101
42.373841,-71.035101
42.373841,-71.035101
42.373841,-71.035101
42.374041,-71.034893
42.3743204,-71.06105416634807
42.374361,-71.039537
42.374494,-71.037794
42.37455733973054,-71.03908204124619
42.375133,-71.034426
42.375215,-71.03454
42.3752204,-71.03392331955152
42.375574,-71.039124
42.375574,-71.039124
42.375574,-71.039124
42.37571,-71.039032
42.375776,-71.0646208
42.375842,-71.038409
42.3760113,-71.0360448
42.376031,-71.035834
42.376031,-71.035834
42.376031,-71.035834
42.376031,-71.035834
42.37649545,-71.05609720169774
42.376546950000005,-71.03944463124805
42.3767055,-71.05778917400042
42.37682995,-71.03690009807387
42.37683539636296,-71.068888415492
42.37726805,-71.03813226338475
42.37762513689453,-71.06264621785881
42.377711,-71.109179
42.37778145,-71.02809556618826
42.3778449692412,-71.05190930695133
42.377894,-71.037289
42.37789615,-71.03041554563
42.3779456,-71.03787253487664
42.3779718,-71.06446901373528
42.3780794,-71.04146317452285
42.3780794,-71.04146317452285
42.37821765,-71.06516384359688
42.378428,-71.05294
42.37853845,-71.03012695795454
42.378685,-71.034924
42.378685,-71.034924
42.378777,-71.023883
42.3789279,-71.02453054899365
42.37898338673868,-71.04005332056317
42.379022,-71.061179
42.37910525,-71.03023323722137
42.37919055,-71.0673052110305
42.379205,-71.056008
42.379291885060816,-71.068123227099
42.379364,-71.039226
42.3796915,-71.02486999999999
42.380057,-71.026951
42.380057,-71.026951
42.380057,-71.026951
42.380057,-71.026951
42.380057,-71.026951
42.380057,-71.026951
42.380057,-71.026951
42.3802573,-71.0609101
42.380482,-71.015723
42.380545,-71.039251
42.380601,-71.027751
42.380601,-71.027751
42.380711,-71.023796
42.380897,-71.031064
42.380897,-71.031064
42.380897,-71.031064
42.381085,-71.022351
42.381085,-71.022351
42.381085,-71.022351
42.381085,-71.022351
42.381085,-71.022351
42.381085,-71.022351
42.381085,-71.022351
42.381085,-71.022351
42.381085,-71.022351
42.381085,-71.022351
42.381085,-71.022351
42.381085,-71.022351
42.38122825,-71.03493910610311
42.381251,-71.027377
42.381339,-71.030298
42.381418,-71.019379
42.38142147619048,-71.02947866666666
42.38152095,-71.02818527512355
42.381541,-71.023132
42.3816445,-71.030186
42.3818544,-71.02102183008475
42.3821539,-71.0673078945841
42.382228,-71.098353
42.382588,-71.065287
42.382728,-70.996477
42.382774,-70.996336
42.382898,-71.013395
42.38293683148032,-70.99624451631881
42.382951,-70.996366
42.38358907779726,-70.99851767711965
42.38360755,-71.01565504999999
42.383661,-71.070489
42.3838203,-71.07157901123858
42.383844,-71.015095
42.383871,-71.073702
42.383871,-71.073702
42.383871,-71.073702
42.38416,-71.003675
42.38416,-71.003675
42.384772,-71.020043
42.38496757286559,-71.07387752979109
42.385018,-71.001696
42.3850673,-71.01229649720588
42.3856563,-71.02230424999999
42.386021,-71.072456
42.38638022863573,-71.07247556583576
42.386433245605474,-71.0070753605084
42.386551,-71.01338
42.38663107636223,-71.07300820906018
42.386645,-71.00965133333334
42.38667312262011,-71.00714221181669
42.387001,-71.005792
42.387001,-71.005792
42.387119,-71.008046
42.38767235,-71.00450075349951
42.387739,-71.072278
42.3880519,-71.00391596832388
42.3881535,-71.0042738968279
42.3888162,-71.0033056
42.38889025,-71.01080117346577
42.38932,-71.010838
42.38932,-71.010838
42.389752900000005,-71.01221510467857
42.39026,-71.006348
42.3917635,-71.00488394745778
42.39200732704157,-71.01294944285405
42.39249789553396,-71.00800631433498
42.41111,-71.108211
42.423325,-71.096038
42.43241,-71.056108
42.480608,-71.085564
42.480610,-71.085364
