lat,long
42.3794524,-71.0325519
42.3794815,-71.032486
42.3795066,-71.0324211
42.3795611,-71.0323037
42.379518950000005,-71.03215355
42.37961335,-71.03189882854858
42.37964335,-71.03181827854857
42.37968645,-71.03173742951986
42.379715950000005,-71.03165805903974
42.37974795,-71.03157222772279
42.37977815,-71.03149075903974
42.3798272,-71.03132209999998
42.3798808,-71.03125152020124
42.379955,-71.0312196
42.379955,-71.0312196
42.379955,-71.0312196
42.3799794,-71.0311449
42.380013,-71.0310471
42.380013,-71.0310471
42.3800587,-71.0308406
42.3800887,-71.0307506
42.3800887,-71.0307506
42.379868,-71.03049833333334
42.37991305,-71.03058779841982
42.3797955,-71.03052955
42.3796995,-71.03046309680359
42.3796936,-71.03061495
42.37967365,-71.03069771598686
42.37966165,-71.03077488721217
42.37955565,-71.0309284458476
42.37949165,-71.03108690086647
42.3794566,-71.03118106434826
42.3793894,-71.0312421
42.3793014,-71.0314818
42.37931515,-71.03158671866296
42.37931515,-71.03158671866296
42.37931515,-71.03158671866296
42.3791975,-71.0317406
42.3792043,-71.03193537720254
42.37917815,-71.0320091120951
42.37917815,-71.0320091120951
42.3790762,-71.0320626
42.3790589,-71.0321211
42.3790084,-71.0322466
42.3789873,-71.0323028
42.3791347,-71.03237678556141
42.3792294,-71.0324963
42.3792761,-71.0325352
42.3785651,-71.0293408
42.3787247,-71.0293886
42.37889336842105,-71.0295887368421
42.3790083,-71.0296333
42.379062950000005,-71.02936691883284
42.37908765,-71.02927731295765
42.3791188,-71.02919195
42.3791635,-71.0290373897561
42.3792082,-71.0289497930466
42.37923434372605,-71.0290906214402
42.37926725,-71.0287678365103
42.37930465,-71.0286628139634
42.3793424,-71.02855935
42.3793788,-71.02845948602894
42.3793565625,-71.0278933125
42.3797387,-71.0295606
42.37979008333333,-71.02965537499999
42.37981066666666,-71.029601
42.37994645,-71.02901720964849
42.37997575,-71.02893692017574
42.38000605,-71.02885371641237
42.380062,-71.02878882011038
42.380062,-71.02878882011038
42.380062,-71.02878882011038
42.38009883333333,-71.02883974999999
42.3801537,-71.0285906
42.38006479166667,-71.028627125
42.38021724489796,-71.0284768979592
42.3802739,-71.02770086408944
42.3799287,-71.0279706
42.3798787,-71.0281406
42.3798387,-71.0282406
42.3797187,-71.0285506
42.3795927,-71.02878187948369
42.3795682,-71.02889457093292
42.37966525,-71.0290455679932
42.379487,-71.02912460705635
42.37945555,-71.0292182
42.37945555,-71.0292182
42.37945555,-71.0292182
42.37932242428396,-71.02934932312365
42.37927494952264,-71.02947354874911
42.37927494952264,-71.02947354874911
42.38426115,-71.0145461
42.3842229,-71.01472073698629
42.3852533,-71.01278769999999
42.3852827,-71.01270400000001
42.3852827,-71.01270400000001
42.3852827,-71.01270400000001
42.38540465,-71.01236796966666
42.3854317,-71.01228596364746
42.3854637,-71.01219942931287
42.3854887,-71.0120606
42.385620200000005,-71.01166198048962
42.38565945,-71.01154615
42.38569565,-71.0114303
42.3857895,-71.01120261310831
42.3826542,-71.0204058
42.385582,-71.01083617911024
42.38547985,-71.01100278047107
42.38544055,-71.0111145
42.385362,-71.01132971954749
42.3853258,-71.01144968048962
42.38525645,-71.01167718047107
42.385181,-71.01190477408754
42.3850673,-71.01229649720588
42.38169995,-71.01385356536082
42.38169995,-71.01385356536082
42.38169995,-71.01385356536082
42.38138495,-71.0136809616206
42.3812387,-71.0141406
42.3810522,-71.0144392041033
42.3811758,-71.014504538323
42.381295050000006,-71.01459804724263
42.3813821,-71.0146721
42.3815376,-71.01440991360903
42.38256375,-71.01581854434104
42.38256375,-71.01581854434104
42.38256375,-71.01581854434104
42.3823287,-71.0157006
42.3821687,-71.0156106
42.3821591,-71.0158075
42.3821387,-71.0158506
42.38204805,-71.01615699419528
42.3817308367347,-71.01673381632652
42.38185935,-71.01649234437126
42.381337,-71.017549
42.3817649,-71.01672713220024
42.3817256,-71.01689665
42.38168205102041,-71.01686574489796
42.38161265,-71.01725322337603
42.38159515,-71.01736832845589
42.3815634,-71.01750838658162
42.38176025,-71.01761854653748
42.38192694999999,-71.0177159587227
42.38197839130435,-71.0175962173913
42.3820387,-71.0172306
42.382097173913046,-71.01727465217391
42.3820887,-71.0170606
42.3821783,-71.01693843128814
42.3821783,-71.01693843128814
42.3821783,-71.01693843128814
42.3820092,-71.01685515
42.3820092,-71.01685515
42.3822364,-71.01683791944023
42.3822287,-71.0167406
42.38227534782609,-71.01679230434783
42.38227534782609,-71.01679230434783
42.3822887,-71.0165806
42.3823187,-71.0164906
42.38242382608696,-71.01639034782609
42.38244855,-71.01614967148032
42.38249335,-71.01597020517035
42.381123,-71.016021
42.381123,-71.016021
42.3812992,-71.01611536764275
42.38119085,-71.01625545
42.38111785,-71.01641036782678
42.381123,-71.016021
42.38103245,-71.01667943826868
42.381123,-71.016021
42.38099025,-71.01684831318421
42.380964250000005,-71.01692195000001
42.38146547156023,-71.01582758137177
42.3811149,-71.01718079434197
42.3811783,-71.01722015743756
42.3812382,-71.01726009440091
42.3812979,-71.01730114953618
42.381318,-71.01699436416587
42.38145965,-71.01674001893727
42.38147675,-71.01663652061514
42.3815638,-71.0164197634349
42.3815638,-71.0164197634349
42.3815638,-71.0164197634349
42.3816397,-71.016221467837
42.38167435,-71.01608350000001
42.38167435,-71.01608350000001
42.38161465656566,-71.01654776767676
42.3818219,-71.01573822226597
42.3818595,-71.01566486982063
42.381951,-71.0155245
42.3851187,-71.0048606
42.3851187,-71.0048606
42.38509735,-71.0048581922228
42.3849587,-71.0047506
42.3848987,-71.0047306
42.3849638,-71.00445306176579
42.38489655,-71.00428448997414
42.38483325,-71.0041071544797
42.38483325,-71.0041071544797
42.384915434782606,-71.00408860869565
42.3843539,-71.00400939348543
42.38437565,-71.00419159469689
42.3843045,-71.00266636234525
42.384262750000005,-71.0025175
42.38419885,-71.00237511002086
42.3841533,-71.00222872850173
42.3840587,-71.0019506
42.38399415,-71.00180695171953
42.383945350000005,-71.00167510030184
42.3839145,-71.0015385
42.3838697,-71.0014086
42.3836927,-71.0017776
42.3838797,-71.0022666
42.38411275,-71.0028971789807
42.3841598,-71.00309427255382
42.3842531,-71.00323054836767
42.3843087,-71.0034406
42.38644427272728,-71.00642054545455
42.385614,-71.00442824999999
42.38556425,-71.00432295
42.3855248,-71.00421726307263
42.3855173,-71.0040684385357
42.3854058,-71.00372563825411
42.3853377,-71.00358770881701
42.3826542,-71.0204058
42.3843853,-71.0155282
42.3851651,-71.00410247252748
42.385554850000005,-71.00508226970976
42.38508315,-71.00291475258072
42.3848091,-71.00219652224266
42.384383850000006,-71.00101690496558
42.384207,-71.00133874858516
42.38426190909091,-71.00174418181818
42.38445595,-71.00200418030423
42.38444681818181,-71.00225636363636
42.3847161,-71.00273303440116
42.3847552,-71.00292676830706
42.38578245,-71.00214020399895
42.3851334,-71.00054507224817
42.384691200000006,-71.00081730658188
42.3848168,-71.00116655313973
42.38486295,-71.00129870801251
42.384906150000006,-71.00141403970912
42.3849488,-71.00153723920847
42.384993050000006,-71.00165139832998
42.38503295,-71.0017604450443
42.385116800000006,-71.0019670994657
42.3826542,-71.0204058
42.38517825,-71.00232061479991
42.38526115,-71.0024802889166
42.38531615,-71.00266723143466
42.3854267,-71.00248869502333
42.38572385,-71.00220432556378
42.385713550000006,-71.00351796636673
42.38579885,-71.00388317915792
42.3858649,-71.00405124481193
42.3858649,-71.00405124481193
42.3858649,-71.00405124481193
42.3845934,-71.0002991
42.3846682,-71.00044994453776
42.38541405,-71.00035959157073
42.38551515,-71.0005300568619
42.3855651,-71.00071430909756
42.38564545,-71.0008527960213
42.38567255,-71.00100600591861
42.38575,-71.00117902460728
42.3858024,-71.00134910040506
42.38605385,-71.00168835791959
42.3862176,-71.00256080810802
42.38626,-71.00267219679574
42.38630115,-71.0027840800648
42.3863943,-71.00300716287157
42.38643685,-71.00312413352775
42.3865015,-71.00478896218465
42.3892187,-70.9955806
42.3892187,-70.9955806
42.3892487,-70.9956106
42.3892487,-70.9956106
42.3894487,-70.9959706
42.3894487,-70.9959706
42.3894487,-70.9959706
42.3893687,-70.9958106
42.389619,-70.9961615
42.389619,-70.9961615
42.389619,-70.9961615
42.389619,-70.9961615
42.3896187,-70.9962306
42.3896187,-70.9962306
42.3896187,-70.9962306
42.3818829,-71.0204897
42.3855887,-71.0056666
42.3854679,-71.00560880067692
42.38552586666667,-71.00547206666666
42.38485105,-71.00520503293808
42.3844887,-71.0053006
42.384590450000005,-71.00550796443693
42.38473265,-71.00558945
42.3848623,-71.00563204872131
42.38509495,-71.00577025135041
42.3851984,-71.00583585
42.38529174999999,-71.00589790119315
42.3853991,-71.00597259869777
42.38345075,-71.00125383581505
42.3836987,-71.0009406
42.38363115,-71.00077880533486
42.3832787,-71.0008506
42.38332085,-71.00098696903214
42.383119,-71.00059103451093
42.383459,-71.00036457625959
42.3835265,-71.00025562500001
42.3833418,-71.00006593601037
42.3833372,-70.9999198
42.38313105,-71.00008731007765
42.3828987,-71.00016166227402
42.3829887,-71.0003206
42.38304615,-71.00044477052057
42.38277715,-70.99990982282168
42.3829012,-70.9997764026262
42.383220384615385,-70.99969584615384
42.383179350000006,-70.99964779999999
42.3831266,-70.9995057122133
42.38260585,-70.9996528380259
42.382268,-70.9989612680798
42.3835121,-70.99944363003061
42.3836644,-70.99899785
42.3833833,-70.99822163125893
42.38309085,-70.99827655213805
42.38338715,-70.99903196405054
42.3834355,-70.99916124999999
42.3840667,-71.0008981
42.3840667,-71.0008981
42.3840667,-71.0008981
42.38425865000001,-71.00068590841369
42.3841413,-71.00030577873844
42.384086800000006,-71.00015664815699
42.38403315,-70.99992894826073
42.3838763,-70.99955653412968
42.3837274,-71.00013859984202
42.3838508,-71.0003311
42.38391625,-71.00044955778267
42.38394925,-71.0006133771393
42.383996800000006,-71.00076746153009
42.38837455,-70.99880327619157
42.3884851,-70.99869779486006
42.3817856,-71.0205327
42.3887408,-70.9983287597095
42.3817856,-71.0205327
42.389391,-70.99773154545454
42.3891962,-70.997648
42.389313,-70.9975031473318
42.3894096,-70.99737578871455
42.38881104095356,-70.9989375344743
42.38881104095356,-70.9989375344743
42.38881104095356,-70.9989375344743
42.38881104095356,-70.9989375344743
42.3889124,-70.9970769
42.38927455,-70.99716000991378
42.38927455,-70.99716000991378
42.3888414,-70.99747545439342
42.3887302,-70.99760145
42.38860450391763,-70.99770034485901
42.388430150000005,-70.99815231283807
42.388430150000005,-70.99815231283807
42.388430150000005,-70.99815231283807
42.3890406,-70.99655691170886
42.38915585,-70.9964383
42.38923985,-70.99629105
42.3889326,-70.99607615088334
42.3885681,-70.99657055108324
42.3885032,-70.99685344257998
42.390406,-70.99703965145221
42.390406,-70.99703965145221
42.3817856,-71.0205327
42.38875042100134,-71.00020236270458
42.38939035,-70.99885711885179
42.3895406,-70.99866417890773
42.38916466666667,-70.99942863333334
42.38916466666667,-70.99942863333334
42.38916466666667,-70.99942863333334
42.38916466666667,-70.99942863333334
42.38916466666667,-70.99942863333334
42.38916466666667,-70.99942863333334
42.38916466666667,-70.99942863333334
42.38916466666667,-70.99942863333334
42.38916466666667,-70.99942863333334
42.38916466666667,-70.99942863333334
42.38916466666667,-70.99942863333334
42.38916466666667,-70.99942863333334
42.38916466666667,-70.99942863333334
42.38916466666667,-70.99942863333334
42.38916466666667,-70.99942863333334
42.38916466666667,-70.99942863333334
42.38916466666667,-70.99942863333334
42.38916466666667,-70.99942863333334
42.38916466666667,-70.99942863333334
42.38916466666667,-70.99942863333334
42.38916466666667,-70.99942863333334
42.38916466666667,-70.99942863333334
42.38916466666667,-70.99942863333334
42.38935558344216,-70.99892529554704
42.38935558344216,-70.99892529554704
42.3873237,-71.00641124101797
42.38742465,-71.00642532799145
42.3874867,-71.0065136
42.38742465,-71.00642532799145
42.3875397,-71.0064546
42.38770475,-71.00638428336653
42.38770475,-71.00638428336653
42.38770475,-71.00638428336653
42.3878059,-71.00635161758373
42.3879587,-71.0063306
42.3879587,-71.0063306
42.3879587,-71.0063306
42.3880287,-71.0063106
42.3880287,-71.0063106
42.38793485,-71.0060371264023
42.3879189,-71.00591612342367
42.3879251,-71.00577274549003
42.3879251,-71.00577274549003
42.38753515,-71.00593005
42.3874451,-71.00594545000001
42.38634776889438,-71.00734364507602
42.3877003,-71.00439
42.38767235,-71.00450075349951
42.387634,-71.00459815881499
42.38756955,-71.0047991
42.38754065,-71.00490372125248
42.3875058,-71.00500516207268
42.38621332585804,-71.00774402733127
42.38615697009998,-71.0079107423651
42.3873244,-71.00550937647029
42.3873244,-71.00550937647029
42.3873244,-71.00550937647029
42.3873244,-71.00550937647029
42.3873244,-71.00550937647029
42.3873244,-71.00550937647029
42.3873244,-71.00550937647029
42.3873244,-71.00550937647029
42.3873244,-71.00550937647029
42.3873244,-71.00550937647029
42.3873244,-71.00550937647029
42.3873244,-71.00550937647029
42.3875549,-71.00552045
42.38764435,-71.00550348447136
42.387735250000006,-71.00544566609649
42.3878059,-71.00500135403698
42.38780155,-71.00476005
42.38780155,-71.00476005
42.38780155,-71.00476005
42.386967,-71.00665514769307
42.3869687,-71.0066006
42.3869547,-71.0066466
42.38596536052258,-71.00847757348015
42.3868649,-71.00688005648388
42.38694355,-71.00705285
42.38701075,-71.0071758512427
42.3870438,-71.007418
42.38721215,-71.00726378232648
42.3873151590909,-71.00717193181818
42.3873687,-71.0069006
42.3872059,-71.0068166468693
42.38664345,-71.00892342834632
42.3866647,-71.00882215
42.3866647,-71.00882215
42.3866647,-71.00882215
42.38668325,-71.00871495
42.3866624,-71.00860256943366
42.3867096,-71.008511
42.38671225,-71.00841162685248
42.38671455,-71.0082964
42.38671115,-71.00818947533475
42.38670325,-71.00796840084834
42.386497,-71.00955533333334
42.38643305,-71.0082274298118
42.38639905,-71.00832278287692
42.38636955,-71.00841552943942
42.38633695,-71.00851168798125
42.386304800000005,-71.00860605
42.38627475,-71.00870121211005
42.38625145,-71.00880014657264
42.38625145,-71.00880014657264
42.38625145,-71.00880014657264
42.3887587,-71.0060306
42.389086,-71.007634
42.3886851,-71.00562640161415
42.3886851,-71.00562640161415
42.3886851,-71.00562640161415
42.3886851,-71.00562640161415
42.3886851,-71.00562640161415
42.3886851,-71.00562640161415
42.3886851,-71.00562640161415
42.388624750000005,-71.00529970160761
42.388624750000005,-71.00529970160761
42.388624750000005,-71.00529970160761
42.38811365,-71.00480064999999
42.3881211,-71.00497379736441
42.3882987,-71.0050106
42.3880564,-71.0051118
42.3883428,-71.00531317682453
42.388625,-71.009077
42.38816215,-71.00542147191325
42.3882297,-71.00555529050439
42.3883565,-71.00350403474701
42.3884288,-71.0030942744855
42.388442600000005,-71.00291866955536
42.3884203,-71.00245745215241
42.38844815,-71.0020013
42.38843975,-71.0018747324427
42.38834305,-71.00161966901237
42.3882567,-71.00186101523468
42.38802645,-71.00285016876299
42.38801685,-71.00296074343731
42.3880074,-71.00306166217334
42.38801585,-71.00320071134409
42.3879814,-71.00337644173034
42.38793,-71.00359287602828
42.3880487,-71.0035706
42.387279199787685,-71.00781640063694
42.387241,-71.00793
42.38742787699739,-71.00828680100133
42.3875371,-71.00829141131324
42.38759635,-71.00840327662011
42.3878687,-71.0087306
42.3879566,-71.00885725128765
42.38812934398612,-71.00918293867375
42.388244150000006,-71.00923380168364
42.3883785,-71.00939141201299
42.3883785,-71.00939141201299
42.3885119,-71.00958316300813
42.38865345,-71.00975580009124
42.3889153,-71.01011089549824
42.388538350000005,-71.00935184899004
42.38843205,-71.0090021
42.3876957,-71.0076442
42.3881787,-71.0085306
42.3881787,-71.0085306
42.3881287,-71.0084906
42.3880187,-71.0083306
42.3876957,-71.0076442
42.3877982,-71.00803546410842
42.387546,-71.007211
42.3875678,-71.0071457
42.38763715,-71.00703305000002
42.38746993181818,-71.00724988636364
42.3873334,-71.0068884
42.3876957,-71.0076442
42.38821305,-71.00801281014968
42.388625,-71.009077
42.388863150000006,-71.00653718139313
42.38874745,-71.0065669
42.38833125,-71.00665914971646
42.3883743,-71.00681927762889
42.388432,-71.00701265000001
42.38847245,-71.0072298828438
42.38882385,-71.00912419108654
42.3890353,-71.00960086158257
42.38931255,-71.00982466644089
42.388625,-71.009077
42.38938535,-71.01036011237069
42.3896061,-71.01081445000001
42.3896061,-71.01081445000001
42.3901244,-71.0109552
42.3900237,-71.0106924
42.39021020047967,-71.01102531989402
42.3901244,-71.0109552
42.38969535,-71.01096324999999
42.38969535,-71.01096324999999
42.3897862,-71.0111024963999
42.38987575,-71.0112456
42.3904222,-71.0118775
42.3904222,-71.0118775
42.3904222,-71.0118775
42.3904222,-71.0118775
42.39018665,-71.01110197321124
42.39018665,-71.01110197321124
42.39018665,-71.01110197321124
42.39018665,-71.01110197321124
42.39018665,-71.01110197321124
42.39018665,-71.01110197321124
42.39018665,-71.01110197321124
42.38992735,-71.01054951690593
42.38992735,-71.01054951690593
42.38992735,-71.01054951690593
42.38992735,-71.01054951690593
42.38992735,-71.01054951690593
42.3898987,-71.0104006
42.3898335,-71.01023703575669
42.38974995,-71.0100770057509
42.38941415,-71.00925463858326
42.389364400000005,-71.00907342057069
42.38932875,-71.00891333024046
42.38924025,-71.00872530000001
42.38919675,-71.0085068076336
42.3890879,-71.0082099888242
42.3890331,-71.0080170228477
42.388913900000006,-71.0072459173945
42.38886205,-71.00688256809367
42.3888437,-71.00671324510012
42.3890657,-71.00329325
42.3890657,-71.00329325
42.3890637,-71.00290451389483
42.390507,-71.010125
42.389006050000006,-71.00224394425143
42.38900325,-71.00198097479426
42.3889944,-71.00171319125683
42.38898275,-71.00136866345008
42.38896535,-71.00083484220866
42.38896535,-71.00083484220866
42.3889787,-71.0007006
42.38893605,-71.00042775493904
42.3888372,-71.00017384987547
42.3887283,-71.0006658494915
42.3817856,-71.0205327
42.3887283,-71.0006658494915
42.3887283,-71.0006658494915
42.3887283,-71.0006658494915
42.38874525,-71.00081637012784
42.38871985,-71.00134348879413
42.3887095,-71.0016119760403
42.38872355,-71.0018725
42.38864756357049,-71.00233240209104
42.38869405,-71.0026397
42.38871,-71.00277757523148
42.3887287,-71.0034706
42.3887387,-71.0035506
42.388714750000005,-71.00373924801028
42.38952884931505,-71.00722599841163
42.38944205,-71.0067918
42.38936185,-71.00648447965314
42.3892787,-71.0058206
42.3892687,-71.0057206
42.3892487,-71.0055606
42.38914985,-71.00496262181332
42.3890987,-71.0042106
42.38910765,-71.00407126801103
42.388797,-71.00427617363391
42.38883445,-71.00451784907123
42.38885045,-71.0046407
42.38885425,-71.0047627
42.38889815,-71.0051371
42.38895175,-71.00525780192656
42.38902635,-71.00600957181189
42.38902635,-71.00600957181189
42.38902635,-71.00600957181189
42.38903115,-71.00613254866931
42.38903115,-71.00613254866931
42.38844425714286,-71.00631465714285
42.38951357226389,-71.00588611460847
42.38940955,-71.00421593537736
42.389395,-71.004358
42.389531250000005,-71.00469397632114
42.389625800000005,-71.00486784744376
42.389512,-71.00525507946953
42.390507,-71.010125
42.390507,-71.010125
42.390507,-71.010125
42.390507,-71.010125
42.38995555,-71.00356569957219
42.389923800000005,-71.00340315
42.38992625,-71.00244177305808
42.38990915,-71.00228091471112
42.3898687,-71.0009706
42.38988215,-71.00078684650376
42.3898092,-71.00009931934116
42.38961135,-70.9995625337674
42.390507,-71.010125
42.38926525,-70.99997100138094
42.3892727,-71.00027611007808
42.389284,-71.00064667672557
42.38929485,-71.00095735531843
42.389214581136336,-71.0013387551874
42.389214581136336,-71.0013387551874
42.38934925,-71.00155588871826
42.38934925,-71.00155588871826
42.389222217165006,-71.0016020890902
42.3894971,-71.00189412601351
42.3894308,-71.0023084217577
42.3894301,-71.0025286
42.3892659592842,-71.00289503824241
42.390507,-71.010125
42.38939425,-71.0034105931463
42.389486000000005,-71.00363565137916
42.3895122,-71.00378754646536
42.3909756,-71.006278
42.389719150000005,-71.00690635
42.390507,-71.010125
42.3896764891913,-71.00709125168335
42.38985665,-71.00758908486975
42.38985665,-71.00758908486975
42.3900756,-71.00844444963639
42.3901281,-71.00861640797538
42.39018465,-71.0087911
42.39023655,-71.00894281008819
42.39031355,-71.0092593
42.39045505,-71.00958705955023
42.39045505,-71.00958705955023
42.390507,-71.010125
42.390507,-71.010125
42.390507,-71.010125
42.390507,-71.010125
42.390507,-71.010125
42.390507,-71.010125
42.390507,-71.010125
42.390507,-71.010125
42.3918469,-71.0109237
42.3918469,-71.0109237
42.3918469,-71.0109237
42.3914283,-71.01028074999999
42.39133505,-71.01012134796954
42.3912879,-71.00992373840472
42.39109685,-71.00957871294642
42.39090915,-71.00890995
42.3907879,-71.00856887240784
42.39073615,-71.0083980610578
42.39066,-71.00784011857465
42.39054225,-71.00749294200502
42.3904786,-71.00694143139967
42.38903018034993,-71.00649140182846
42.38908665,-71.00673529168375
42.38912415,-71.00693509473716
42.38916725,-71.00718140473734
42.38941205,-71.00829923724564
42.38946535,-71.00848290885457
42.3896779,-71.0091023
42.38977375,-71.00916904132387
42.3897148,-71.00936668684841
42.3898004,-71.0095495609167
42.39008045,-71.01012386042379
42.390044776821554,-71.01018890350073
42.39007926331251,-71.01026983464669
42.3902387,-71.0104506
42.3903487,-71.0107306
42.3903887,-71.0108006
42.3904387,-71.0109406
42.3904687,-71.0110106
42.3904987,-71.0110806
42.3905717,-71.01133753730942
42.3906667,-71.0115415540856
42.3907452,-71.01171186737358
42.39079365,-71.01187929260897
42.390861,-71.01204634534457
42.3909374,-71.01221844435113
42.39103795,-71.01239018206522
42.3911253,-71.0125151405307
42.390507,-71.010125
42.38998025,-71.00914544560223
42.3899036,-71.00897774203706
42.38974385,-71.00838505878113
42.38969205,-71.00817587636267
42.38969205,-71.00817587636267
42.38969205,-71.00817587636267
42.39128965,-71.00900826487378
42.39131945,-71.0091897133911
42.39132135,-71.00810805
42.391304000000005,-71.0079108633237
42.3912878,-71.00773230042158
42.3913227,-71.00697666338942
42.39131765,-71.00681102485808
42.3909366,-71.007460467713
42.39095195,-71.00763637034062
42.39135535,-71.00834359999999
42.3911539,-71.00847365
42.3902606,-71.0045791
42.3909756,-71.006278
42.39131705,-71.00589187612368
42.39132715,-71.00570297085522
42.39129995,-71.00530218130552
42.3913005,-71.00513087526878
42.3911775,-71.00463068647541
42.39112805,-71.0044479196199
42.39099835,-71.00410983073687
42.3909219,-71.00397995051249
42.39086115,-71.00383592730259
42.3907693,-71.00367579966782
42.3906691,-71.00339716340348
42.3906691,-71.00339716340348
42.391179,-71.004135
42.39031085,-71.00290315031751
42.390282850000006,-71.00325905
42.3903986,-71.00374267412525
42.3903678024158,-71.00384921445611
42.3906959,-71.00442994100018
42.3908328,-71.00473297975319
42.3908979,-71.00507435997707
42.3909889,-71.0054636733617
42.391017950000005,-71.00568382855461
42.3926666,-71.0056772
42.39261445,-71.00532292544229
42.39259445,-71.0048865420144
42.3925332,-71.00457261283482
42.39248275,-71.00440806133956
42.3923659,-71.00383996156424
42.3922017,-71.00339485
42.3920337,-71.00306931083063
42.391992,-71.00294536455982
42.3919645,-71.00279685022329
42.3917845,-71.0020454
42.3916831,-71.0023004096931
42.3917845,-71.0020454
42.39120135,-71.00117075
42.391035,-71.00081141151807
42.3909579,-71.00066574550294
42.39090205,-71.00051438863937
42.3908415,-71.00032998529225
42.3907627,-71.00018934892904
42.39059465,-70.99990942829726
42.3904976,-70.99975799870828
42.38987755,-70.99900092898092
42.38994135,-70.99930133778322
42.3900097,-70.99941631868576
42.3900831,-70.9997013
42.3901587,-70.9998506
42.39022615,-70.9999862
42.39022615,-70.9999862
42.39032165,-71.00020494250285
42.39043635,-71.00048784117968
42.39079685,-71.0012259903113
42.3911115,-71.00188175
42.39119745,-71.00203311376909
42.391299,-71.00230375
42.39133885,-71.002447063436
42.3915287,-71.0027806
42.3916029,-71.0029863529563
42.39170115,-71.00318229181187
42.3917559,-71.00330983912619
42.3919163,-71.00379655
42.39206895,-71.0042243110243
42.39212485,-71.00437396501349
42.39228165,-71.00469269701017
42.39238955,-71.00491114433517
42.3925097,-71.00511654636652
42.3911608,-71.0128304
42.3917845,-71.0020454
42.39297255,-71.0098748
42.39297685,-71.00927587495025
42.3917845,-71.0020454
42.3923752,-71.0078736
42.3928565,-71.01052209482502
42.39222892283136,-71.00778910385097
42.392476650000006,-71.0056865915951
42.392476650000006,-71.0056865915951
42.392259800000005,-71.0060974
42.39200215,-71.00639737484732
42.391989800000005,-71.00621917833332
42.3910091,-71.0020425
42.3920059,-71.005933
42.3917102,-71.0040365902702
42.39164315,-71.00388994552932
42.3915649,-71.00374145
42.3915087,-71.0035206
42.39143465,-71.0034005
42.391189,-71.002909677277
42.391189,-71.002909677277
42.3911523,-71.00275224486802
42.3910091,-71.0020425
42.3909251,-71.00226681186943
42.39041585,-71.00178864586331
42.391179,-71.004135
42.390373518705786,-71.00220641488932
42.39059779676446,-71.00264353722328
42.3906684,-71.00263082575262
42.391179,-71.004135
42.39076175,-71.00285483398619
42.39096555,-71.00327045742061
42.3911193,-71.00356208995038
42.39116925,-71.00375545973904
42.39117896573477,-71.0039080418413
42.3913317,-71.00408233952382
42.391363,-71.00423495497492
42.39161655,-71.0059892498129
42.3916257,-71.00638606570887
42.3916239,-71.00657670020698
42.3915933,-71.00675173239905
42.3915976,-71.0070738
42.3915989,-71.0072852
42.391491,-71.008359
42.39160315,-71.00780705
42.3916003,-71.0080832080169
42.3916424,-71.00848779967077
42.39161535,-71.00868185
42.3916368,-71.00884295
42.39161975,-71.00899997508688
42.3916393,-71.00919235129905
42.3902606,-71.0045791
42.3917888,-71.01031406994048
42.3935553877551,-71.01122273469387
42.3917845,-71.0020454
42.3921049,-71.002335
42.3920217,-71.0022016
42.39198725,-71.00198552020909
42.3918787,-71.0018106
42.3917163,-71.00142150759527
42.3917163,-71.00142150759527
42.3917163,-71.00142150759527
42.3917163,-71.00142150759527
42.3917163,-71.00142150759527
42.3917163,-71.00142150759527
42.3917163,-71.00142150759527
42.3917163,-71.00142150759527
42.3917163,-71.00142150759527
42.3917163,-71.00142150759527
42.3917163,-71.00142150759527
42.3917163,-71.00142150759527
42.3917163,-71.00142150759527
42.3917163,-71.00142150759527
42.3917163,-71.00142150759527
42.3917163,-71.00142150759527
42.3917163,-71.00142150759527
42.3917163,-71.00142150759527
42.39156945,-71.00113555
42.39136435,-71.000672036096
42.3917845,-71.0020454
42.391246800000005,-71.00044161150353
42.39109895,-71.0000540605997
42.3917845,-71.0020454
42.39058815,-70.99904866006989
42.39053035,-70.99885456950936
42.3765131,-71.0389485
42.37676615,-71.03894740169483
42.3768132,-71.0390232
42.3769386,-71.03898652087062
42.3770454,-71.0390157
42.3770821,-71.03881609694793
42.3770821,-71.03881609694793
42.3770821,-71.03881609694793
42.3770821,-71.03881609694793
42.3770821,-71.03881609694793
42.3770821,-71.03881609694793
42.37713445,-71.03871849778946
42.3771738,-71.03865088606825
42.37738400845021,-71.03818092158461
42.37726805,-71.03813226338475
42.37726805,-71.03813226338475
42.37726805,-71.03813226338475
42.37726805,-71.03813226338475
42.37726805,-71.03813226338475
42.37726805,-71.03813226338475
42.37726805,-71.03813226338475
42.3774019,-71.0380753
42.3774233,-71.0380112
42.3774687,-71.0378006
42.3774687,-71.0378006
42.3775487,-71.0375206
42.3775787,-71.0374406
42.37758355,-71.03730432000737
42.37758355,-71.03730432000737
42.37758355,-71.03730432000737
42.37758355,-71.03730432000737
42.37765983333333,-71.0370685
42.37759166666667,-71.037022
42.377301200000005,-71.03696796270879
42.3772695,-71.03704811716162
42.377241100000006,-71.03712335378978
42.37703237711754,-71.0375105057185
42.3771649,-71.03745763177434
42.37710745,-71.03754823875227
42.3770995,-71.03764852893082
42.3769339,-71.03805995610476
42.37691085,-71.03813962201268
42.37675682600425,-71.03827948205381
42.3767833,-71.0382558
42.3767724,-71.03837663398127
42.3766645,-71.0385409
42.37728085,-71.03901196117594
42.3773871,-71.03897850284757
42.3775476,-71.0390337
42.37761115,-71.03896106867434
42.37766965,-71.03900536310499
42.3777205,-71.039034
42.3777205,-71.039034
42.3777205,-71.039034
42.3777205,-71.039034
42.3777205,-71.039034
42.3777205,-71.039034
42.3777205,-71.039034
42.3777205,-71.039034
42.37800475,-71.03838896367986
42.380774,-71.03896932653062
42.380778,-71.03896724489796
42.3779312,-71.03735181896239
42.37791775,-71.03742812240193
42.37791775,-71.03742812240193
42.37791775,-71.03742812240193
42.3813415,-71.0281557
42.3775907,-71.038131
42.3775789,-71.0381616
42.3775438,-71.0382594
42.3775608,-71.03837001349754
42.37751865,-71.0384724688368
42.37751865,-71.0384724688368
42.3774833,-71.03853945
42.37744725,-71.03858945372664
42.37741985,-71.03865747297516
42.37740968537042,-71.03861119096268
42.377366550000005,-71.03879651275645
42.3780095,-71.0390405
42.3780095,-71.0390405
42.3780095,-71.0390405
42.3780095,-71.0390405
42.3780653,-71.0390433
42.3781573,-71.0390535
42.3782439,-71.0390579
42.37830735,-71.0389991
42.37830735,-71.0389991
42.37830735,-71.0389991
42.37830735,-71.0389991
42.37863715,-71.03879519310837
42.3787922,-71.03838671912351
42.3787922,-71.03838671912351
42.3787922,-71.03838671912351
42.3788133,-71.03832966817964
42.37886285,-71.03815028346092
42.37865225,-71.03783823486955
42.37861415,-71.03780105
42.37858975,-71.03773160108696
42.3784852,-71.03790990011191
42.37844825,-71.03800899872982
42.37842755,-71.03806392049626
42.378332,-71.03832070446813
42.37827435,-71.03847442927679
42.37825345,-71.03852991635546
42.37815376,-71.03865268
42.3782206,-71.03864875
42.37816885,-71.03876504416122
42.3780968,-71.03886655219573
42.37887735,-71.03890344508889
42.37913275,-71.0389911360914
42.37917395,-71.03899165083979
42.37930895,-71.03905879823728
42.3793377,-71.03897378465186
42.3793377,-71.03897378465186
42.3793377,-71.03897378465186
42.3793894,-71.03879717202335
42.3793894,-71.03879717202335
42.3794196,-71.03871757205988
42.3794479,-71.03864321398265
42.3794808,-71.03853604746963
42.37956,-71.038454
42.380728,-71.03899326530612
42.37942405,-71.03831303305046
42.380732,-71.03899118367347
42.380734,-71.03899014285714
42.37934035,-71.0384446011619
42.37936,-71.0381057
42.3792662,-71.03861909848655
42.37920695,-71.03875040004058
42.37914475,-71.0384564207351
42.3792464,-71.0382586
42.37919105,-71.03814690156766
42.3790761,-71.0382161
42.3790761,-71.0382161
42.378995333333336,-71.03846133333333
42.378995333333336,-71.03846133333333
42.378995333333336,-71.03846133333333
42.378912,-71.0386893
42.378891,-71.0387488
42.379584300000005,-71.03897510064357
42.379584300000005,-71.03897510064357
42.379584300000005,-71.03897510064357
42.37959465,-71.03906584937695
42.37975155,-71.03900950820554
42.3798906,-71.0390337264553
42.3799977,-71.0391019
42.380079,-71.0391019
42.38018255,-71.039066973073
42.3802695,-71.03909438807511
42.3802582,-71.0388766556639
42.38017735,-71.03881494541773
42.3796989,-71.03872487404557
42.37969835,-71.03878885070074
42.38011035,-71.03842100658608
42.380169,-71.03846332378215
42.380169,-71.03846332378215
42.38023095,-71.03851024784993
42.3802804,-71.03857065
42.380339000000006,-71.03860468612122
42.380426150000005,-71.03735921186583
42.3802339,-71.03729005
42.3799892,-71.03797884342052
42.3798963,-71.0381381
42.37926775,-71.03789114797135
42.37926775,-71.03789114797135
42.3792605,-71.0379315
42.37943485,-71.0379776976562
42.3794935,-71.03801790162956
42.3796902,-71.0381013
42.37973445,-71.03790116151256
42.3797942,-71.03773449238363
42.3797942,-71.03773449238363
42.3798343,-71.0376576
42.3799008,-71.0375038
42.3799301,-71.0374362
42.3799301,-71.0374362
42.3799859,-71.03725542841282
42.380010600000006,-71.03715948358209
42.3800436,-71.03706828270242
42.3800747,-71.0369818377373
42.3801566,-71.0367314814587
42.3802166,-71.0365431694745
42.3802642,-71.03640046908563
42.3802642,-71.03640046908563
42.3804,-71.0362417
42.38027565,-71.03620715
42.3802287,-71.03617525149393
42.3801824,-71.03614378057318
42.380071400000006,-71.03606885
42.37995015,-71.03596583760302
42.37989195,-71.03613577389697
42.3798086,-71.0362897
42.3797822,-71.03646374505176
42.3796366,-71.03689219359092
42.3795512,-71.03705345554886
42.3795512,-71.03705345554886
42.3795512,-71.03705345554886
42.379491,-71.0371117
42.379431,-71.0373117
42.379431,-71.0373117
42.3794052,-71.0373729
42.379521,-71.0368156
42.37882155,-71.03754602920841
42.3789238,-71.03762834080177
42.378975100000005,-71.03766250428895
42.3790459,-71.03774066511627
42.3790523,-71.03755628107297
42.3790523,-71.03755628107297
42.37912575,-71.03747676917683
42.3792075,-71.03701204370505
42.37939225,-71.03662673573781
42.3794519,-71.03655821802492
42.37947795,-71.03647060551054
42.37947795,-71.03647060551054
42.37947795,-71.03647060551054
42.3795111,-71.03639126554799
42.3796065,-71.0361638
42.3796065,-71.0361638
42.3796653,-71.0360815
42.3796653,-71.0360815
42.3796987,-71.0358306
42.3796506,-71.0357903
42.37935875,-71.03555621946902
42.379323,-71.035658
42.3793006,-71.0357245
42.3792528,-71.035815
42.3792312,-71.0358918
42.3792039,-71.0359706
42.3791593,-71.0360791
42.3791356,-71.0361321
42.3790964,-71.0362317
42.3790795,-71.0363089
42.3790341,-71.0364052
42.3789609,-71.0365644
42.3789407,-71.0366303
42.37890995,-71.03680609405193
42.378821,-71.0369671
42.37882515,-71.03709434356476
42.37873805,-71.03721425421074
42.37873805,-71.03721425421074
42.37873805,-71.03721425421074
42.37873805,-71.03721425421074
42.37871305,-71.03730743034552
42.3780715,-71.03704959852938
42.37850325,-71.0368215100927
42.3787007,-71.0366389
42.3787333,-71.03638495
42.37878585,-71.03627813308006
42.37886865,-71.0360555674514
42.37893275,-71.03589549349358
42.37893275,-71.03589549349358
42.37893275,-71.03589549349358
42.37893275,-71.03589549349358
42.378957150000005,-71.03580800613105
42.37898605,-71.03573229999999
42.3791113,-71.0354792
42.3791387,-71.0354006
42.37895845,-71.03538223736064
42.3788944,-71.0352075
42.378873,-71.03517457142857
42.37873475,-71.03513385463793
42.3787087,-71.0353006
42.3786975,-71.035411
42.37863895,-71.03554729999999
42.3785594,-71.03564630710372
42.3785402,-71.0357397130222
42.378423,-71.0359544
42.3783223,-71.0362234
42.3813415,-71.0281557
42.3781844,-71.0365693
42.37815378571428,-71.0365915
42.3781601,-71.03670847404908
42.3813415,-71.0281557
42.377453200000005,-71.03653815482352
42.3776179,-71.03666626717158
42.37766625,-71.03672632905241
42.377665666666665,-71.036824
42.3777558,-71.03682258726127
42.3745714,-71.0334998
42.378022,-71.037069
42.3778798,-71.03673488943477
42.377899,-71.03664467462075
42.37793065,-71.03654105785043
42.37793065,-71.03654105785043
42.37804405,-71.0362214498903
42.3780886,-71.03614620616102
42.37811145,-71.03606680116857
42.3789546,-71.03455728248763
42.37890385,-71.03469800574251
42.37890385,-71.03469800574251
42.3788661,-71.0347555
42.3788527,-71.03483345
42.3793962,-71.0353085
42.3793962,-71.0353085
42.3793962,-71.0353085
42.3795677,-71.0354055
42.3796113,-71.0354315
42.3796113,-71.0354315
42.3797693,-71.03552936501586
42.37988215,-71.0354764129261
42.3799087,-71.0354106
42.379946450000006,-71.03522406474956
42.38005055,-71.03499314419378
42.380076200000005,-71.0349199
42.3800965,-71.0348485
42.3801341,-71.03479359897759
42.3801687,-71.0346506
42.3801973,-71.03459048541598
42.380225300000006,-71.03452610038272
42.38026515,-71.03439000975689
42.3802952,-71.0343284
42.380336150000005,-71.03427956341761
42.38038635,-71.03409263717734
42.3804095,-71.03401838796339
42.380004150000005,-71.03381221600819
42.3799736,-71.03389786604819
42.3799063,-71.0341667965314
42.3798365,-71.03432647424938
42.3798365,-71.03432647424938
42.3798365,-71.03432647424938
42.3798487,-71.0344306
42.3798487,-71.0344306
42.37981445,-71.03449019413014
42.3796401,-71.0346873
42.3797701,-71.0346245
42.379737500000005,-71.03468660609173
42.37966735,-71.03473909620223
42.37961095,-71.03485889796411
42.37953985,-71.03505025000001
42.37953985,-71.03505025000001
42.37948855,-71.03517176817923
42.3794355,-71.0352173
42.3794355,-71.0352173
42.38017964618625,-71.03582180783556
42.380227469279376,-71.03585721175335
42.3804138,-71.03558917512987
42.3804134,-71.0354871498383
42.38041165,-71.0353889498125
42.38041455,-71.03529637493207
42.3804282,-71.0351236
42.3803905,-71.03481586981853
42.3803504,-71.03488996832493
42.38032005,-71.03497145379242
42.380165950000006,-71.03539401020745
42.38009615,-71.03558804026403
42.380186550000005,-71.03564180093016
42.38028045,-71.03305846306029
42.3800849,-71.0329691
42.38007125,-71.03287026516888
42.38008975,-71.03274365
42.38015185,-71.03267878363354
42.3802182,-71.03242345000001
42.38029795,-71.03220896084719
42.38029795,-71.03220896084719
42.38029795,-71.03220896084719
42.38034275,-71.03208864368102
42.38035265,-71.03186559084708
42.38035265,-71.03186559084708
42.38045555,-71.03175298784313
42.3804928,-71.03165214243586
42.38058,-71.0315897
42.3806034,-71.0315278
42.3806086,-71.03135483707554
42.3806086,-71.03135483707554
42.3806086,-71.03135483707554
42.3807099,-71.0312413
42.3807319,-71.0311719
42.3807538,-71.0311025
42.3805952,-71.03106012152307
42.380494,-71.03098564999999
42.38034105,-71.03089890723251
42.38024665,-71.03110940943395
42.3801691,-71.0312255
42.38017665,-71.03134044908167
42.38013585,-71.0314196624852
42.38013585,-71.0314196624852
42.3800738,-71.0314832
42.3800517,-71.0315428
42.3800278,-71.0316064
42.38002,-71.03177052431718
42.38002,-71.03177052431718
42.38002,-71.03177052431718
42.3796204,-71.0326587
42.3795997,-71.0327375
42.3797287,-71.0328206
42.3798571,-71.0328907
42.379905,-71.0329199
42.3813294,-71.0261158
42.3810635,-71.03141816618214
42.3810635,-71.03141816618214
42.3810635,-71.03141816618214
42.3810635,-71.03141816618214
42.3810635,-71.03141816618214
42.3810635,-71.03141816618214
42.3810635,-71.03141816618214
42.3810635,-71.03141816618214
42.3810635,-71.03141816618214
42.3810635,-71.03141816618214
42.3810635,-71.03141816618214
42.3810635,-71.03141816618214
42.3810635,-71.03141816618214
42.3810635,-71.03141816618214
42.3810635,-71.03141816618214
42.3810635,-71.03141816618214
42.3808128,-71.03186462235709
42.38079165,-71.03199147075443
42.38067242857143,-71.03191614285714
42.3806895,-71.03216389212142
42.3806565,-71.0322821
42.38069,-71.03250150991408
42.3806335,-71.0326493
42.3806667,-71.03281829168901
42.3806789,-71.0331437
42.380764850000006,-71.03323277504032
42.3808403,-71.0332793
42.3809069,-71.0332793
42.3809843,-71.0332601
42.3811705,-71.0332564699541
42.3811705,-71.0332564699541
42.38125155,-71.03325608946565
42.3812634,-71.0330963
42.3812635,-71.0330035
42.3813294,-71.0261158
42.38119125,-71.03270117501793
42.38119125,-71.03270117501793
42.38119125,-71.03270117501793
42.3811913,-71.03252135
42.381191400000006,-71.03240152500001
42.38119145,-71.03228167500001
42.3811915,-71.032166475
42.3812456,-71.0320795
42.3812456,-71.0320795
42.3812456,-71.0320795
42.3812456,-71.0320795
42.3811916,-71.031982125
42.38146875,-71.03041274981219
42.38146875,-71.03041274981219
42.38146875,-71.03041274981219
42.38146925,-71.03053712489587
42.3815124,-71.03065184980927
42.38150715,-71.0310036347223
42.3814858,-71.0313451
42.38149885,-71.03150657504578
42.38153055,-71.03176287507247
42.38156755,-71.03216412483206
42.38150195,-71.03227064999999
42.3815023,-71.03236265000001
42.3815027,-71.03245472495419
42.3815514,-71.03267305
42.3815514,-71.03267305
42.3815146,-71.03286197524997
42.3814487,-71.0330211
42.3814512,-71.0330911
42.3814427,-71.0332111
42.3814427,-71.0332111
42.3814427,-71.0332111
42.3814447,-71.0332748
42.3818373,-71.03328762508306
42.3818368,-71.03317845000001
42.38186125,-71.03309076580699
42.38181395,-71.03290685
42.3818287,-71.0327136
42.38186734567901,-71.03275819753087
42.3818102,-71.03198025
42.3819816,-71.034583
42.3818184,-71.031785
42.3819816,-71.034583
42.3818184,-71.0316001
42.3819816,-71.034583
42.3818309,-71.0313536
42.3818235,-71.03127709379379
42.3818421,-71.03101069624097
42.38182155,-71.030795674923
42.38182125,-71.0307160749492
42.38182025,-71.03048405
42.3816035,-71.03045884981913
42.38209555,-71.03039462505319
42.38209595,-71.03049495
42.38209785,-71.0309617
42.3821231,-71.03151650000001
42.382031525,-71.0325103
42.38210205,-71.03198645
42.3820465,-71.0320825
42.3820465,-71.0320825
42.3820439,-71.0321462
42.38210355,-71.0323529250532
42.3821287,-71.0324406
42.3821287,-71.0325206
42.3821287,-71.0325206
42.3821287,-71.0325206
42.3821287,-71.0325206
42.38210855,-71.0326379
42.38210505,-71.0327244
42.38210575,-71.03290762523025
42.38210615,-71.03299405000001
42.3821091,-71.03308734999999
42.38210685,-71.0331773250532
42.38208815,-71.0332984
42.382383,-71.0332875
42.382447,-71.03329575000001
42.382447,-71.03329575000001
42.3824683,-71.03319529603391
42.38245095,-71.03300527493352
42.38245055,-71.03291540000001
42.382478,-71.0327146
42.382478,-71.0327146
42.382478,-71.0327146
42.382478,-71.0327146
42.382478,-71.0327146
42.382478,-71.0327146
42.382478,-71.0327146
42.382478,-71.0327146
42.38233885,-71.0325325
42.382519,-71.03261111111111
42.3824872,-71.03216944368691
42.382513,-71.03214694444445
42.3823204,-71.0317861
42.38243925,-71.03169869999999
42.3824066,-71.0315589249341
42.3824066,-71.0315589249341
42.3824066,-71.0315589249341
42.3824066,-71.0315589249341
42.3824066,-71.0315589249341
42.3824224,-71.03133235
42.3820999,-71.03422747482082
42.3821175,-71.03444828447154
42.3821226,-71.03455287510587
42.38212345,-71.03467597490925
42.38211315,-71.0350085
42.38213375,-71.03556192521691
42.3821329,-71.03565420763752
42.3821121,-71.0358508521306
42.38239179999999,-71.03589324967493
42.38239179999999,-71.03589324967493
42.38247965,-71.03590745032676
42.38244425,-71.03571175
42.38244425,-71.03571175
42.38244425,-71.03571175
42.38251525,-71.03534725
42.3824472,-71.0355887
42.38251679545455,-71.03513061363637
42.3826131,-71.0399345
42.3824324,-71.03411470031395
42.382476,-71.0339131
42.3824475,-71.03359268017253
42.3818213,-71.03355112485474
42.3819785,-71.0334049
42.3814886,-71.03364165269085
42.3812157,-71.0336168
42.3809833,-71.03366256290322
42.3809833,-71.03366256290322
42.3809833,-71.03366256290322
42.3809128,-71.0335533
42.3809128,-71.0335533
42.3809128,-71.0335533
42.3808597,-71.0335576
42.3808597,-71.0335576
42.3757054,-71.0318868
42.38181485,-71.03583950011455
42.381800600000005,-71.0355401306226
42.381800600000005,-71.0355401306226
42.381800600000005,-71.0355401306226
42.38178775,-71.03544111940997
42.3817875,-71.03533651069732
42.38181325,-71.03512844987948
42.38181295,-71.0350376
42.3818004,-71.034933
42.38181235,-71.03483107517201
42.38187736254668,-71.03464594784882
42.38187736254668,-71.03464594784882
42.38187736254668,-71.03464594784882
42.38187736254668,-71.03464594784882
42.38187736254668,-71.03464594784882
42.38187736254668,-71.03464594784882
42.3818016,-71.03443285
42.3818016,-71.03443285
42.38180295,-71.0342235751555
42.3817831,-71.0339494
42.3817831,-71.0341202
42.3818387,-71.0336406
42.38068975,-71.0362610305016
42.380454875000005,-71.03463125
42.3806919,-71.0368008619953
42.3806919,-71.0368008619953
42.3806919,-71.0368008619953
42.38079635,-71.03702563315845
42.38072725,-71.03718945026151
42.3807387,-71.0374306
42.3807389,-71.0375244
42.3806955,-71.03772384999999
42.380682,-71.0387785
42.38066885,-71.03792349625627
42.3806351,-71.0379826
42.3808203,-71.03813052526718
42.3805463,-71.037797
42.381229,-71.039162
42.3813618,-71.0401937
42.3811889,-71.0384875001663
42.3811946,-71.03798845
42.3811946,-71.03798845
42.38120445,-71.03770977445501
42.3812017,-71.0375456
42.38120385,-71.03747582844527
42.3811987,-71.0372506
42.3811887,-71.0370306
42.38119285,-71.03695149988444
42.3812162,-71.03686951483579
42.38122245,-71.03677285
42.38119915,-71.03668087466525
42.3812463,-71.03631480025864
42.3811571,-71.03631574974136
42.3810709,-71.03631664974137
42.38150995,-71.03626830040369
42.3813618,-71.0401937
42.381517200000005,-71.03668865
42.3814985,-71.0367794
42.3814961,-71.0368864
42.38151975,-71.03697102553033
42.3815092,-71.03714925033812
42.3815187,-71.0373306
42.38152465,-71.03750765000001
42.381510500000005,-71.037733
42.3814604,-71.0379688
42.3814604,-71.0379688
42.38152975,-71.03806814959529
42.381529150000006,-71.03821542488248
42.3815299,-71.03830134988242
42.38153105,-71.03842882500001
42.38153105,-71.03842882500001
42.38151055,-71.03852877498038
42.3814696,-71.0386575
42.3814695,-71.0387454
42.3814721,-71.03885045
42.3814616,-71.03906534999999
42.3814616,-71.03906534999999
42.38155175,-71.03904169961211
42.3818805,-71.03906877426687
42.38182449999999,-71.03866897509869
42.3818142,-71.03853102489711
42.38181415,-71.03830995011751
42.38189066666666,-71.03864966666667
42.3818265,-71.03808570020564
42.3818256,-71.03797774988243
42.38185265,-71.03781402423851
42.3818885,-71.0375856
42.38182315,-71.03734707491947
42.38182035,-71.03704617509665
42.381997,-71.0402543
42.38188533333333,-71.03672833333333
42.38182225,-71.0364295001175
42.38183365,-71.03632677499999
42.381997,-71.0402543
42.3821245,-71.0362952527936
42.38210565,-71.03689455
42.38210565,-71.03689455
42.38213835,-71.03741987167479
42.38213975,-71.03760324981752
42.381997,-71.0402543
42.3821255,-71.03817840016166
42.3821266,-71.03829739973821
42.38212855,-71.03851302486919
42.3821295,-71.03861332486912
42.3821396,-71.03871795
42.3821396,-71.03871795
42.3821396,-71.03871795
42.3820886,-71.0391741
42.3825164,-71.0391831
42.3824416,-71.03885532471682
42.3824416,-71.03885532471682
42.3824416,-71.03885532471682
42.3824395,-71.03862967553752
42.3824857,-71.03834700039226
42.3824589,-71.037878
42.38245805,-71.03778645043401
42.38245145,-71.03705790000001
42.3824759,-71.0369498
42.382502,-71.0367613
42.38245505,-71.03657672442245
42.382511,-71.035943
42.382511,-71.035943
42.382511,-71.035943
42.382511,-71.035943
42.382511,-71.035943
42.382511,-71.035943
42.382511,-71.035943
42.382511,-71.035943
42.382511,-71.035943
42.382511,-71.035943
42.382511,-71.035943
42.382511,-71.035943
42.382511,-71.035943
42.38209975,-71.03949301544137
42.3821433,-71.0401597009718
42.3821433,-71.0401597009718
42.3821433,-71.0401597009718
42.38236545,-71.04019354533527
42.38236545,-71.04019354533527
42.38236545,-71.04019354533527
42.38247365,-71.04007718069485
42.38247365,-71.04007718069485
42.3824743,-71.04001262012918
42.3824756,-71.03986532578938
42.3824905,-71.0396881
42.382498,-71.039464
42.3824495,-71.03950974915975
42.3824495,-71.03950974915975
42.382498,-71.039464
42.382498,-71.039464
42.382498,-71.039464
42.3823203,-71.03952439131518
42.3822447,-71.03952307146238
42.3822447,-71.03952307146238
42.38217445,-71.0395230772906
42.3814706,-71.03956475
42.3815063,-71.03991914812862
42.3815008,-71.04005087633745
42.3814964,-71.04015465
42.38182675,-71.04011645912402
42.3818712,-71.03955175026702
42.3817933,-71.03955077558686
42.381184450000006,-71.03955101750796
42.3810276,-71.0394471
42.38092775,-71.03950320415092
42.380806,-71.0394619
42.38065475,-71.03952087291367
42.38065475,-71.03952087291367
42.38065475,-71.03952087291367
42.38065475,-71.03952087291367
42.38026175,-71.039543833365
42.3801298,-71.0394254
42.3801298,-71.0394254
42.3801298,-71.0394254
42.3801298,-71.0394254
42.3801298,-71.0394254
42.37999,-71.03950315
42.37999,-71.03950315
42.37999,-71.03950315
42.37999,-71.03950315
42.37999,-71.03950315
42.379866,-71.0394369
42.37981035,-71.03950865
42.37981035,-71.03950865
42.37981035,-71.03950865
42.3797271,-71.03946993151206
42.3794892,-71.03948765134271
42.3794199,-71.039496075
42.379361450000005,-71.03950817147992
42.3792778,-71.0393722
42.379124,-71.03947613013644
42.379124,-71.03947613013644
42.3790544,-71.0394717
42.37894355,-71.03949804930795
42.37894355,-71.03949804930795
42.37894355,-71.03949804930795
42.37894355,-71.03949804930795
42.37894355,-71.03949804930795
42.37894355,-71.03949804930795
42.3725071,-71.0390273
42.37872675,-71.03973875
42.37818211764706,-71.04010014705882
42.37825764705882,-71.04010655882352
42.37885515,-71.03987009750222
42.3730157,-71.0411764
42.37925538235294,-71.03997076470588
42.3730157,-71.0411764
42.379422950000006,-71.03992089858914
42.37987420588235,-71.0400244117647
42.37987420588235,-71.0400244117647
42.3784302,-71.03948527353755
42.37814105,-71.03939540141444
42.37807815,-71.03942794214421
42.3779893,-71.03942338909029
42.3782038,-71.03943213610678
42.37814105,-71.03939540141444
42.3782038,-71.03943213610678
42.37814105,-71.03939540141444
42.3782038,-71.03943213610678
42.37814105,-71.03939540141444
42.3778414,-71.0393286
42.3778659,-71.0393315
42.3778659,-71.0393315
42.3777835,-71.03943235
42.3777835,-71.03943235
42.3725071,-71.0390273
42.37749625,-71.03954882328244
42.3774455,-71.0393167
42.3773222,-71.03940343029947
42.3773222,-71.03940343029947
42.3773222,-71.03940343029947
42.3773222,-71.03940343029947
42.3773222,-71.03940343029947
42.3773222,-71.03940343029947
42.3772,-71.03963225
42.37672648979592,-71.03975448979591
42.37672648979592,-71.03975448979591
42.37672648979592,-71.03975448979591
42.37672648979592,-71.03975448979591
42.37672648979592,-71.03975448979591
42.37672648979592,-71.03975448979591
42.37672648979592,-71.03975448979591
42.37672648979592,-71.03975448979591
42.37672648979592,-71.03975448979591
42.37672648979592,-71.03975448979591
42.37672648979592,-71.03975448979591
42.37672648979592,-71.03975448979591
42.37672648979592,-71.03975448979591
42.37672648979592,-71.03975448979591
42.37727576470588,-71.04002320588235
42.379521,-71.0368156
42.3753099,-71.0397451
42.377615647058825,-71.04005205882352
42.37966148529412,-71.04000597058824
42.38012425,-71.04096121800802
42.3753099,-71.0397451
42.3725071,-71.0390273
42.38328141666666,-71.03885133333333
42.3831998,-71.0382811
42.3831998,-71.0382811
42.38299375,-71.03863747997906
42.38306885,-71.03909367477695
42.38290955,-71.03910417556739
42.38282785,-71.03909769958474
42.38273665,-71.03907707431462
42.38278035,-71.038782
42.3827542,-71.03785670069463
42.38273325,-71.0377331
42.3825951,-71.0333951
42.38268176530613,-71.03777109183673
42.3833451,-71.03637426117257
42.3827786,-71.03560131605967
42.38272435,-71.03504922437871
42.38267539795918,-71.0363648877551
42.3825951,-71.0333951
42.382655,-71.030442
42.3825951,-71.0333951
42.3818142,-71.02660944622967
42.38263922448979,-71.02381094897959
42.3731387,-71.0346906
42.3732287,-71.0345906
42.3732887,-71.0345606
42.3733187,-71.0345006
42.37339595,-71.03441108557692
42.3734487,-71.0343506
42.3735487,-71.0342306
42.37380184210526,-71.03409436842105
42.3738587,-71.0338706
42.3738587,-71.0338706
42.3738587,-71.0338706
42.3738587,-71.0338706
42.3738587,-71.0338706
42.37394325,-71.0337946521417
42.3739849,-71.03374598061224
42.37402235,-71.03368999520468
42.3741646,-71.0335804
42.3741904,-71.0335448
42.3742687,-71.0334306
42.3743187,-71.0333906
42.3743587,-71.0333406
42.3742487,-71.0332206
42.3742087,-71.0331806
42.3741667,-71.0331166
42.3741287,-71.0330706
42.3740867,-71.0330066
42.3752874,-71.0314574
42.3739262,-71.03329098715409
42.3738221,-71.0334128392245
42.373774350000005,-71.03346881533437
42.37366955,-71.03358137129297
42.37360605,-71.03362688864812
42.3752874,-71.0314574
42.37350615,-71.03382156773753
42.37350615,-71.03382156773753
42.37350615,-71.03382156773753
42.37350615,-71.03382156773753
42.37350615,-71.03382156773753
42.37330055,-71.0340079906201
42.37325045,-71.03406667761263
42.3731847,-71.03409984047966
42.3752874,-71.0314574
42.3726687,-71.0353415
42.37242785,-71.03497669453361
42.37230125,-71.03512286751263
42.3722724,-71.03519318758111
42.3721897,-71.03528955
42.3720996,-71.03537710959822
42.3720996,-71.03537710959822
42.3720996,-71.03537710959822
42.3720449,-71.03541755
42.3752874,-71.0314574
42.3752874,-71.0314574
42.371719,-71.03575816216217
42.3718432,-71.03568018236606
42.3717942,-71.03573652877814
42.3717434,-71.03579621763393
42.3715598,-71.03600529561508
42.3715598,-71.03600529561508
42.3715598,-71.03600529561508
42.3715598,-71.03600529561508
42.37142825,-71.03614632482316
42.3713209,-71.0362078
42.3712678,-71.03635005
42.371184875,-71.03683775
42.371184875,-71.03683775
42.371184875,-71.03683775
42.371184875,-71.03683775
42.371184875,-71.03683775
42.371184875,-71.03683775
42.3711502,-71.0367263
42.3711502,-71.0367263
42.3711502,-71.0367263
42.3711502,-71.0367263
42.37385593877551,-71.03474179591838
42.37385759183673,-71.03475030612246
42.37385924489796,-71.03475881632653
42.37386089795918,-71.03476732653061
42.37386255102041,-71.0347758367347
42.37386585714285,-71.03479285714286
42.37386751020408,-71.03480136734694
42.3738691632653,-71.03480987755103
42.373874122448974,-71.03483540816327
42.37387742857143,-71.03485242857144
42.37388073469388,-71.03486944897959
42.3738823877551,-71.03487795918367
42.3738823877551,-71.03487795918367
42.3738823877551,-71.03487795918367
42.37388404081632,-71.03488646938776
42.37388569387755,-71.03489497959184
42.3723433,-71.0357423
42.3724001,-71.0355686083117
42.3725078,-71.0355559
42.37385097959184,-71.03471626530613
42.37105075,-71.03696616666666
42.3707743,-71.0368741
42.3707274,-71.0369352
42.3706607,-71.0370052
42.3705784,-71.0371007
42.370454300000006,-71.03735148473592
42.370454300000006,-71.03735148473592
42.370454300000006,-71.03735148473592
42.370454300000006,-71.03735148473592
42.370454300000006,-71.03735148473592
42.370454300000006,-71.03735148473592
42.370454300000006,-71.03735148473592
42.370454300000006,-71.03735148473592
42.370454300000006,-71.03735148473592
42.370454300000006,-71.03735148473592
42.370454300000006,-71.03735148473592
42.370454300000006,-71.03735148473592
42.370454300000006,-71.03735148473592
42.370454300000006,-71.03735148473592
42.370454300000006,-71.03735148473592
42.370454300000006,-71.03735148473592
42.370454300000006,-71.03735148473592
42.370454300000006,-71.03735148473592
42.370454300000006,-71.03735148473592
42.370454300000006,-71.03735148473592
42.370454300000006,-71.03735148473592
42.370454300000006,-71.03735148473592
42.370454300000006,-71.03735148473592
42.370454300000006,-71.03735148473592
42.3702955,-71.03750500969625
42.3702428,-71.03756117686447
42.37020285,-71.03762853434804
42.3701430625,-71.03918228124999
42.37381461224489,-71.03452904081634
42.37381957142857,-71.03455457142857
42.37382287755102,-71.03457159183674
42.37382287755102,-71.03457159183674
42.37382287755102,-71.03457159183674
42.37382287755102,-71.03457159183674
42.37382453061224,-71.03458010204082
42.37382453061224,-71.03458010204082
42.37382453061224,-71.03458010204082
42.37383279591837,-71.03462265306123
42.37383610204081,-71.0346396734694
42.37383775510204,-71.03464818367348
42.37383940816326,-71.03465669387755
42.37384106122449,-71.03466520408163
42.37384271428572,-71.03467371428572
42.37384436734693,-71.0346822244898
42.37384602040816,-71.03469073469388
42.37052205,-71.03593926532352
42.37052205,-71.03593926532352
42.37052205,-71.03593926532352
42.37052205,-71.03593926532352
42.37052205,-71.03593926532352
42.37052205,-71.03593926532352
42.37052205,-71.03593926532352
42.37052205,-71.03593926532352
42.37052205,-71.03593926532352
42.37052205,-71.03593926532352
42.37052205,-71.03593926532352
42.37052205,-71.03593926532352
42.37052205,-71.03593926532352
42.37052205,-71.03593926532352
42.37052205,-71.03593926532352
42.37052205,-71.03593926532352
42.37052205,-71.03593926532352
42.37052205,-71.03593926532352
42.37052205,-71.03593926532352
42.37052205,-71.03593926532352
42.37052205,-71.03593926532352
42.37052205,-71.03593926532352
42.37052205,-71.03593926532352
42.37052205,-71.03593926532352
42.37052205,-71.03593926532352
42.37052205,-71.03593926532352
42.37052205,-71.03593926532352
42.37052205,-71.03593926532352
42.37052205,-71.03593926532352
42.36969985,-71.036765
42.3695295,-71.0369918460481
42.3694116,-71.0370166
42.3694342,-71.0370775
42.3752874,-71.0314574
42.3752874,-71.0314574
42.3696172,-71.0377164
42.371632700000006,-71.03507117012126
42.371632700000006,-71.03507117012126
42.3713427,-71.0348051
42.3698379,-71.0363771
42.3693258,-71.0286281
42.37355866666666,-71.03360544444445
42.37355866666666,-71.03360544444445
42.3752874,-71.0314574
42.3763775,-71.0263953
42.3763775,-71.0263953
42.37018508571429,-71.03578985714286
42.370767,-71.03491579442482
42.37095565,-71.03478460042788
42.3698379,-71.0363771
42.37138075,-71.03395215715028
42.3693258,-71.0286281
42.3711125,-71.0338264
42.37106,-71.0338896
42.371021,-71.03404214050589
42.37076,-71.0342503
42.370694,-71.0343297
42.3706439,-71.0343899
42.3706439,-71.0343899
42.3706439,-71.0343899
42.37048985,-71.03465076551646
42.3691057,-71.0361905
42.36917885,-71.03634911888665
42.3692498,-71.0366357
42.3692932,-71.0367451
42.3694461,-71.0366646
42.36946505,-71.0365609646963
42.3696491,-71.03633639166728
42.3697745,-71.036256
42.369815333333335,-71.036223
42.36984475,-71.03618850000001
42.3713104,-71.03252616956883
42.3713104,-71.03252616956883
42.3713104,-71.03252616956883
42.3713104,-71.03252616956883
42.3713104,-71.03252616956883
42.37145,-71.033021
42.3763775,-71.0263953
42.3763775,-71.0263953
42.37778145,-71.02809556618826
42.379368150000005,-71.0259847919482
42.37847693877551,-71.02304951020409
42.3799635,-71.0254035
42.3702401,-71.0346711
42.3702401,-71.0346711
42.3702401,-71.0346711
42.378473081632656,-71.02305365306123
42.37903,-71.023587
42.3704383,-71.0334771
42.3789156,-71.0237056
42.37879271428572,-71.02355742857144
42.3787936122449,-71.02355608163265
42.3704383,-71.0334771
42.37879495918367,-71.02355406122449
42.37879540816326,-71.0235533877551
42.378847625,-71.0233663125
42.3783467,-71.0233846
42.378618375,-71.0230066875
42.37846591836735,-71.02306134693877
42.37846426530612,-71.02306312244897
42.3786675,-71.02308375
42.378733,-71.02318650000001
42.37876575,-71.023237875
42.3787985,-71.02328925
42.37883125,-71.023340625
42.381674,-71.0226296
42.3812578,-71.0195682
42.38160515,-71.0183506804042
42.38160515,-71.0183506804042
42.38160515,-71.0183506804042
42.38160515,-71.0183506804042
42.38160515,-71.0183506804042
42.38160515,-71.0183506804042
42.38160515,-71.0183506804042
42.38160515,-71.0183506804042
42.3816875,-71.01824570043104
42.3817225,-71.01816469772727
42.3817936,-71.0180284
42.38163225,-71.01794965020096
42.38148805,-71.0178331491142
42.38141,-71.017723
42.3810664,-71.01752910000002
42.3828113,-71.0185342
42.3811626,-71.01755546666666
42.3828113,-71.0185342
42.3828113,-71.0185342
42.381123,-71.016021
42.3812453341302,-71.0157278473485
42.381123,-71.016021
42.38080205,-71.01653575187112
42.3811119,-71.01490325
42.3809754,-71.0147624
42.3809385,-71.01484963090938
42.3809099,-71.01493765596754
42.3807992,-71.015244769276
42.38087212857143,-71.0149032
42.38080485,-71.01574610057986
42.38087212857143,-71.0149032
42.38087212857143,-71.0149032
42.38087657142857,-71.014891
42.3808497,-71.01508727187756
42.38087657142857,-71.014891
42.3808497,-71.01508727187756
42.3808497,-71.01508727187756
42.3808497,-71.01508727187756
42.3808497,-71.01508727187756
42.3807194,-71.0158882
42.3803251,-71.01546177621861
42.38032225,-71.0152711262981
42.38044835,-71.01505740050129
42.3804708,-71.01487445000001
42.3806456,-71.01437641934938
42.38093875,-71.0140172
42.3810207,-71.0137531314578
42.3810207,-71.0137531314578
42.3810207,-71.0137531314578
42.380901,-71.014571
42.3811813,-71.01337135
42.381224,-71.01328445
42.380901,-71.014571
42.381235200000006,-71.0131744603627
42.38133315,-71.0129255630001
42.38133315,-71.0129255630001
42.3814082,-71.0129728
42.380901,-71.014571
42.380901,-71.014571
42.38165345,-71.01343130000001
42.3819769,-71.01338968047015
42.381123,-71.016021
42.381123,-71.016021
42.38209855,-71.0138039
42.38195735,-71.0140917
42.381123,-71.016021
42.38258105,-71.01405270707374
42.3821286,-71.0139385
42.3827503,-71.01418954156037
42.38289725,-71.01424304978778
42.382991,-71.01430785
42.38313395,-71.01444375612874
42.3832029,-71.01417739289533
42.3819451,-71.0179406
42.384375000000006,-71.0121386
42.3842804,-71.01206225210667
42.38458525,-71.01215449418632
42.38462105000001,-71.01202903771565
42.38471185,-71.01178295
42.384751050000006,-71.01165475
42.38479635,-71.0115347
42.38483565,-71.01141063025437
42.3818829,-71.0204897
42.3856918,-71.00883478302612
42.38666581653569,-71.0071767033315
42.38667515384616,-71.00905287179488
42.38667515384616,-71.00905287179488
42.38667515384616,-71.00905287179488
42.38667515384616,-71.00905287179488
42.38639725,-71.00657118640251
42.38618115,-71.00602521159142
42.38601045,-71.00640476640294
42.3858831,-71.00682950071831
42.3857415,-71.0063783
42.36713545,-71.03352760907578
42.36718825,-71.0336048
42.36726065,-71.03378000000001
42.3672945,-71.03386739999999
42.3673125,-71.0339486
42.3674518,-71.03430856444051
42.3675419,-71.03438698229922
42.36758225,-71.0345361826673
42.36757905882353,-71.03467411764706
42.36757905882353,-71.03467411764706
42.36757905882353,-71.03467411764706
42.3676707,-71.0348444
42.3676965,-71.0349023
42.3676965,-71.0349023
42.3676965,-71.0349023
42.367731,-71.0349874
42.367809,-71.0350113
42.367852,-71.0349773
42.367895,-71.0349432
42.367938,-71.0349092
42.3679978,-71.0348628
42.368052,-71.0348208
42.3681082,-71.0347753
42.3681082,-71.0347753
42.3681541,-71.0347415
42.3681541,-71.0347415
42.368195,-71.0347098
42.368195,-71.0347098
42.3680558,-71.0345784
42.3673076,-71.03296517640968
42.3673076,-71.03296517640968
42.3673076,-71.03296517640968
42.3673076,-71.03296517640968
42.3673076,-71.03296517640968
42.3673076,-71.03296517640968
42.3673076,-71.03296517640968
42.3673076,-71.03296517640968
42.3673076,-71.03296517640968
42.3673076,-71.03296517640968
42.3673076,-71.03296517640968
42.3673076,-71.03296517640968
42.3673076,-71.03296517640968
42.3673076,-71.03296517640968
42.3673076,-71.03296517640968
42.36727095,-71.03274974029733
42.36723275,-71.0326680090986
42.36723275,-71.0326680090986
42.36723275,-71.0326680090986
42.36723275,-71.0326680090986
42.3671962,-71.03258331190779
42.36715875,-71.0324956292637
42.36710715,-71.0322203662941
42.3751597,-71.03707607113378
42.3751254,-71.03713828368609
42.374849625,-71.03737637500001
42.3745858,-71.0378993
42.374488,-71.037872
42.37517455,-71.0377720037601
42.3752287,-71.0377061
42.3752464,-71.0376399
42.37524605,-71.03752825276914
42.37528955,-71.03745850119711
42.37537335,-71.03725910419006
42.37547495,-71.03695698655727
42.37554415,-71.03679067720716
42.3756268,-71.0366557
42.3757036,-71.0364457
42.3759296,-71.0358269
42.3757209,-71.03572463427338
42.37572945,-71.03554291302976
42.37565935,-71.03543392012442
42.3753261,-71.0354693
42.37533585,-71.03564892259978
42.37528775,-71.03571826314146
42.3752563,-71.03577869238427
42.37521585,-71.03586382464138
42.3751327,-71.03589971097884
42.37510685,-71.03597504318788
42.37503025,-71.03599026837756
42.374940800000005,-71.03609965713522
42.374877100000006,-71.03617850629635
42.374877100000006,-71.03617850629635
42.374877100000006,-71.03617850629635
42.37481745,-71.03624927296477
42.37476565,-71.03632290778688
42.3744965,-71.0367665
42.37439255,-71.03692489325402
42.37439255,-71.03692489325402
42.37439255,-71.03692489325402
42.37439255,-71.03692489325402
42.37439255,-71.03692489325402
42.37439255,-71.03692489325402
42.37439255,-71.03692489325402
42.37439255,-71.03692489325402
42.37439255,-71.03692489325402
42.37439255,-71.03692489325402
42.37439255,-71.03692489325402
42.3751239,-71.0369028
42.37464375,-71.0372241
42.37464375,-71.0372241
42.37464375,-71.0372241
42.37464375,-71.0372241
42.3746864,-71.0371547140135
42.374804100000006,-71.03706100501739
42.37485165,-71.03699749999998
42.37485165,-71.03699749999998
42.37485165,-71.03699749999998
42.37489955,-71.03691776220168
42.375094,-71.0368562
42.375094,-71.0368562
42.3750826,-71.03672695
42.37522125,-71.03657560621912
42.37527395,-71.03652179798391
42.3751819,-71.03641343857865
42.37514335,-71.03635854545146
42.3752089,-71.0363317
42.37537965,-71.03639935367873
42.37537965,-71.03639935367873
42.375486,-71.0363103
42.3756274,-71.0360911
42.37574915,-71.0359921473391
42.37578785,-71.03594695987032
42.375829,-71.03589858646671
42.3754287,-71.0350606
42.3753772,-71.0349847537858
42.3753406,-71.03492445194561
42.3753406,-71.03492445194561
42.37521725,-71.03476381279248
42.3750445,-71.03480141136362
42.3750087,-71.0348606
42.3749019,-71.03496047883928
42.37485225,-71.03501597853412
42.3747587,-71.0351406
42.3746987,-71.0351806
42.3744316,-71.03549004999999
42.3744024,-71.03567417079586
42.3744024,-71.03567417079586
42.3744024,-71.03567417079586
42.3744024,-71.03567417079586
42.3744024,-71.03567417079586
42.3744024,-71.03567417079586
42.3744024,-71.03567417079586
42.37423335,-71.0357337681294
42.3741831,-71.03580318827363
42.3740827,-71.0359297
42.3740295,-71.0359942
42.3739849,-71.03605217581465
42.37393,-71.03611132573766
42.37393,-71.03611132573766
42.37393,-71.03611132573766
42.37387685,-71.03617184792728
42.3730762,-71.0321928
42.37423275,-71.03648066527316
42.3743411,-71.03634970570866
42.37446575,-71.03623930389361
42.3745597,-71.03609411518917
42.37459825,-71.03603103414699
42.374676,-71.03598090693549
42.37470845,-71.0359217485902
42.37474615,-71.03583933134398
42.37487455,-71.03574967956231
42.37491355,-71.03568659382236
42.3753261,-71.0354693
42.375061489361705,-71.03559468085106
42.3753261,-71.0354693
42.3749469,-71.03551210875145
42.3753261,-71.0354693
42.3752087,-71.0354006
42.3753478,-71.03521121302029
42.37492828571428,-71.034276
42.37488055,-71.03430483827538
42.37488055,-71.03430483827538
42.37488055,-71.03430483827538
42.3743913,-71.0338717695319
42.374340450000005,-71.03393132710025
42.3742892,-71.03399143683376
42.3742487,-71.0340606
42.3740987,-71.0342406
42.3740349,-71.03435237544296
42.3738341,-71.03452680000001
42.3738087,-71.0345906
42.3738087,-71.0345906
42.3738087,-71.0345906
42.3738087,-71.0345906
42.3738087,-71.0345906
42.3738087,-71.0345906
42.3738087,-71.0345906
42.3738087,-71.0345906
42.3738087,-71.0345906
42.3736588,-71.0347027
42.373583,-71.0347147
42.37352845,-71.03487515
42.3734516,-71.03495156713663
42.37335265,-71.03506735006559
42.3856089,-71.0222749
42.37374435,-71.03582796875685
42.3738287,-71.0357106
42.3701014,-71.0398918
42.37389675,-71.03565015629124
42.37395025,-71.03557191822134
42.37404965,-71.0354566992305
42.3743094,-71.03498220043963
42.373882,-71.03485725000002
42.3746182,-71.03478012546344
42.3746953,-71.0346221
42.3746953,-71.0346221
42.3746953,-71.0346221
42.3746953,-71.0346221
42.3747707,-71.03460106287511
42.37484465,-71.03458461130114
42.3749115,-71.0344833147959
42.3745103,-71.0332208
42.37462205,-71.03295968151541
42.3746798,-71.03289089167754
42.3747987,-71.0327706
42.374879500000006,-71.03267620000001
42.374879500000006,-71.03267620000001
42.374879500000006,-71.03267620000001
42.3749824,-71.03255357806412
42.37503935,-71.03249247146489
42.37503935,-71.03249247146489
42.37503935,-71.03249247146489
42.375089,-71.03243330000001
42.37514875,-71.03236346885456
42.37519625,-71.03230690000001
42.37524875,-71.0322443
42.37540805,-71.0320547202657
42.37545775,-71.03199541647788
42.37545775,-71.03199541647788
42.37545775,-71.03199541647788
42.37545775,-71.03199541647788
42.3754753,-71.0317121
42.37541885714285,-71.03160171428571
42.375666550000005,-71.0316015745271
42.3752943,-71.03171982200533
42.3751987,-71.0317299978465
42.3749562,-71.0320381
42.3749562,-71.0320381
42.3749562,-71.0320381
42.374900800000006,-71.0321448280032
42.374900800000006,-71.0321448280032
42.374900800000006,-71.0321448280032
42.374900800000006,-71.0321448280032
42.3752874,-71.0314574
42.3746374,-71.03244970267144
42.37452745,-71.0325804950246
42.3744765,-71.0326412753717
42.3742872,-71.03277795943762
42.3743327,-71.03284754526493
42.3743327,-71.03284754526493
42.3743327,-71.03284754526493
42.374381850000006,-71.03292249290823
42.37443135,-71.03299817858644
42.375958,-71.03246515
42.3757054,-71.0318868
42.3757987,-71.0322706
42.375628,-71.031936
42.3756893,-71.03234890512772
42.3756119,-71.03238584916366
42.37555865,-71.03245547674649
42.3754287,-71.0326706
42.3753387,-71.0327906
42.3752487,-71.0328206
42.3751587,-71.0329206
42.37505745,-71.03307600424061
42.3750099,-71.03313263935247
42.37490065,-71.03325944647247
42.3748073,-71.03338339897559
42.3746599,-71.0334629
42.3749364,-71.0336001
42.37498585,-71.03354238717988
42.37509535,-71.0334206138856
42.37509535,-71.0334206138856
42.37514875,-71.03335173621758
42.3752887,-71.0332506
42.3753287,-71.0332006
42.3753887,-71.0331306
42.3755602,-71.03288163530385
42.3756326,-71.0328315191579
42.3756606,-71.03275930000001
42.37571335,-71.03271182674303
42.3758229,-71.03256442723156
42.3761669,-71.03284146198911
42.376119,-71.03276824771012
42.3760742,-71.0326488
42.375984,-71.03279405436135
42.37581865,-71.03298285636905
42.37581865,-71.03298285636905
42.37581865,-71.03298285636905
42.3757205,-71.03309975868197
42.3757205,-71.03309975868197
42.3756716,-71.0331580673247
42.37552075000001,-71.03335269531729
42.3752204,-71.03392331955152
42.37560384375,-71.03372884375
42.3759259,-71.03330444047975
42.3761392,-71.03306892303873
42.3761922,-71.03301210569016
42.3753261,-71.0354693
42.3763767,-71.03318492338295
42.37630985,-71.03331402514078
42.376288200000005,-71.03355651846573
42.37612125,-71.03351281822378
42.37597325,-71.03368968333106
42.37587895,-71.03383023123811
42.3758557,-71.03409422696477
42.37571885,-71.03399850640582
42.3755859,-71.0341505564277
42.375330250000005,-71.03442781734896
42.375330250000005,-71.03442781734896
42.37528,-71.034401
42.3755189,-71.0341933
42.3755189,-71.0341933
